2.9594,6.7812,2.1985,3.503,1,0.63606
1.0046,5.1201,5.5651,7.4406,1,1.5591
2.5605,4.8544,1.1289,0.045696,1,0.84139
7.1545,1.2475,2.4844,7.6871,1,1.9358
6.8385,7.1337,2.7109,6.9988,1,0.53858
6.3191,4.4734,0.49722,4.8708,1,1.5179
7.6582,0.5541,1.739,5.9805,1,1.342
4.5355,1.1854,7.7562,7.9382,1,0.60684
0.43021,7.6905,3.4284,1.7252,1,0.62371
7.4761,7.7829,0.71568,7.7251,1,1.225
6.4101,7.5098,0.62471,7.6022,1,0.48423
1.7378,0.87594,4.3126,2.028,1,1.6709
0.78803,6.3458,4.4906,0.0049938,1,1.0663
1.6976,4.6926,3.6967,5.5089,1,0.4907
7.4995,5.4969,7.4442,3.3435,1,1.6279
3.5204,6.0998,0.070117,7.9602,1,0.15012
1.3568,4.1136,6.2325,2.8703,1,0.58671
1.2165,7.2422,2.1824,2.7351,1,0.0998
1.637,4.1895,1.8983,4.7362,1,1.626
3.0914,6.263,5.72,7.9979,1,0.040598
5.2733,4.2633,7.6578,5.5627,1,0.93502
2.3728,3.3661,3.1695,0.82763,1,0.95641
6.209,3.7826,2.5525,3.0977,1,1.4127
7.1794,6.0408,1.0853,0.93915,1,0.19078
2.1798,0.39953,1.3223,7.7544,1,0.35526
3.6864,5.7869,3.935,4.4921,1,1.5109
7.7447,3.1294,5.2144,0.41508,1,1.786
7.1065,7.9369,3.0705,2.7459,1,1.4163
4.9189,6.8002,7.5446,7.873,1,1.8052
0.2513,0.69461,2.8827,0.87698,1,0.79886
5.9029,6.9857,2.6077,7.2334,1,1.2966
3.3395,6.6369,7.9159,3.032,1,0.97079
4.9341,3.2635,4.9959,4.8554,1,1.6106
4.7268,2.1828,3.7165,3.4595,1,0.71847
7.2923,2.7756,4.3043,1.6463,1,0.99607
1.3074,4.178,5.7169,2.3782,1,1.1851
6.7524,7.2126,6.2375,1.7493,1,1.2669
5.7013,0.02614,4.8286,7.5373,1,0.17421
1.8045,7.3729,1.6063,2.4277,1,1.3586
1.7212,3.6624,4.1362,3.4102,1,0.98107
1.5004,0.83857,7.5265,1.0305,1,0.66871
6.439,1.1288,4.3539,6.9525,1,1.8846
3.6658,2.1044,1.4736,5.5821,1,0.24786
1.2108,5.616,3.2088,1.9937,1,0.58867
4.2633,1.3084,0.1533,0.010022,1,1.0011
7.3402,7.567,2.7468,4.3387,1,0.69911
4.025,0.71673,2.2172,3.0278,1,1.5692
1.1673,3.1421,7.4259,1.9912,1,1.4638
2.4537,3.7829,5.2677,5.4696,1,0.87459
0.18789,3.286,6.7228,7.3306,1,1.1599
6.7332,2.8534,6.8116,7.1285,1,1.2564
3.1934,2.0079,7.9703,5.0982,1,1.5088
7.0384,3.7056,2.1961,3.7923,1,0.059853
1.8284,4.3229,3.1965,6.0437,1,1.6639
4.4799,4.5256,4.7877,4.5276,1,0.9555
2.7265,6.4937,6.3846,2.258,1,0.42441
2.004,1.7077,4.4287,4.2058,1,0.60969
6.6707,0.63663,3.2072,7.2,1,1.7493
1.8017,1.8743,7.4644,5.2038,1,0.56079
0.94204,5.6683,4.611,1.0212,1,0.32979
5.7755,0.22243,2.1286,7.6925,1,0.049142
6.366,6.2737,0.77751,5.715,1,0.092971
0.49756,6.3137,6.2043,7.8991,1,1.8903
5.8631,7.6632,1.0383,5.3462,1,0.76018
4.3123,7.4984,7.1516,1.7979,1,0.17527
1.7236,5.4466,3.4618,3.8823,1,1.4407
2.5387,6.6916,6.5561,2.4249,1,1.6281
0.20944,6.6988,3.9142,0.82141,1,1.1578
1.2149,7.3564,5.8157,1.1662,1,0.41553
3.9365,2.3356,5.3009,0.81422,1,1.5398
2.3567,1.2904,2.0514,7.7649,1,0.40821
7.2423,1.2906,3.7704,7.4986,1,0.2715
6.2819,5.3134,5.8494,1.4062,1,0.73697
5.6658,3.3056,1.9653,7.0578,1,1.3895
5.4406,0.24782,5.1736,0.45014,1,1.4758
7.8761,5.621,5.9595,4.6354,1,1.8979
0.75921,7.3206,3.9195,2.6652,1,1.7167
0.21016,1.7182,3.8777,7.1901,1,1.4466
6.957,3.2558,0.75864,0.2355,1,1.0281
4.0054,6.2992,6.5311,5.8421,1,1.542
2.6607,4.7019,6.4445,1.2986,1,1.1915
7.5776,3.4869,2.0897,7.4729,1,0.35676
7.9397,5.7753,4.2359,2.2438,1,0.25092
1.0607,5.9724,2.7324,2.9692,1,0.81846
6.6691,4.9502,1.367,0.72068,1,0.48956
0.7193,1.4166,1.466,2.3689,1,1.2567
6.1098,4.1021,5.4778,2.4661,1,0.58443
3.069,2.4566,3.2992,3.6056,1,0.46251
7.3462,6.5669,7.6129,6.6358,1,0.47148
4.8217,4.3247,6.2353,7.0163,1,0.73561
6.5342,5.6817,5.5727,1.8939,1,0.27124
2.3614,1.0138,3.0797,7.7168,1,0.4532
2.2598,5.8057,1.1616,6.7633,1,1.5302
6.4851,7.1967,7.0887,0.12494,1,1.1117
6.2289,0.63422,1.937,3.6434,1,0.93039
7.1132,2.1555,0.99884,1.8912,1,0.51396
0.6363,5.3609,4.1988,5.4711,1,0.98295
2.2594,4.193,7.3985,6.0237,1,0.9937
7.1388,7.3331,3.6404,2.6105,1,0.67358
2.0526,1.8797,2.8797,2.2672,1,1.9713
3.937,5.5262,1.2352,3.5464,1,0.32109
3.2114,4.7737,6.7582,7.2716,1,0.28831
4.4823,3.1062,2.4206,5.9943,1,1.9508
2.852,4.0467,6.3637,5.5031,1,0.52489
5.0111,2.29,1.0465,6.0786,1,1.2823
4.1288,5.5758,3.5404,1.4082,1,1.9075
0.17169,4.5824,7.9629,1.3422,1,1.0105
3.275,7.5055,3.9326,5.6216,1,0.72736
2.7979,7.4917,5.7959,6.6315,1,0.9768
4.5413,5.8338,5.3366,1.9935,1,0.60021
3.8415,7.6613,5.1713,5.4447,1,1.8849
7.984,3.3424,6.1261,3.5773,1,1.3481
0.75607,5.484,2.2766,1.8751,1,0.51849
7.7553,6.2863,5.6487,7.8586,1,1.3824
1.6351,4.11,3.7738,3.7543,1,1.8964
4.748,1.283,7.7293,4.8383,1,1.5503
4.6751,5.5486,6.6264,1.7524,1,0.50009
4.7489,1.3487,5.3003,5.8513,1,0.2839
3.3663,1.7053,2.2534,5.4821,1,1.5255
2.8399,4.7816,1.3764,1.9863,1,0.10522
1.332,6.3537,0.4995,0.75491,1,0.86801
0.094221,1.3753,7.851,4.348,1,1.8309
7.7872,0.9797,0.044131,0.11371,1,1.9463
2.8818,3.5549,3.4517,1.6418,1,0.94115
5.5296,3.5705,3.3397,1.8423,1,1.7208
7.5202,2.5309,7.7647,7.1057,1,1.6441
5.157,6.68,0.37908,4.7309,1,1.9848
2.0515,0.84946,1.9426,2.5828,1,1.1162
2.3706,5.6694,3.4866,6.7694,1,0.49816
6.5684,6.6054,2.0407,5.8691,1,1.3277
6.2875,6.0304,7.9786,6.1632,1,1.7625
2.8044,6.4787,7.7626,1.8966,1,0.84533
7.9717,4.8942,0.14796,7.6656,1,0.10966
7.7484,3.3284,6.8082,7.0999,1,0.96352
0.72195,3.9309,5.0179,4.8415,1,1.1589
5.381,3.1263,0.31963,0.70781,1,1.9828
2.1031,0.34921,5.906,2.8295,1,1.5258
6.2729,0.22631,6.4271,7.3083,1,1.9106
7.4944,7.0873,6.6888,7.2861,1,1.1361
7.0483,1.6849,6.2863,3.3561,1,1.262
7.961,1.1425,2.951,0.1347,1,1.0314
4.9418,1.1762,0.85941,7.6603,1,1.8019
6.4128,0.70759,0.20143,6.6781,1,0.2947
7.4039,7.4677,0.85687,7.0209,1,0.81266
1.1132,6.3738,1.0633,3.9056,1,1.5174
7.6535,7.5387,2.5764,7.3921,1,1.2535
5.1574,4.8901,0.38312,5.4143,1,1.9319
7.3929,3.33,2.5757,0.99298,1,1.4967
2.5413,0.23624,5.8377,5.4621,1,1.029
6.4638,7.1628,7.9395,3.2362,1,0.47624
1.0959,3.464,6.7218,5.4688,1,0.60746
2.9773,1.4245,2.8701,2.0461,1,0.76825
1.5697,3.581,0.66075,2.0906,1,0.94519
3.4621,0.16358,1.2678,5.2929,1,1.17
1.4496,2.7942,5.0173,4.0955,1,1.6834
0.81821,7.691,1.232,5.8796,1,1.9848
3.7581,3.7131,4.8832,7.6774,1,0.56391
7.4654,2.0412,6.2575,2.4645,1,0.54239
1.173,7.8665,0.50207,5.9755,1,0.60617
5.4914,5.1568,0.94834,3.485,1,0.56046
1.0392,4.3528,2.6486,0.51438,1,0.17511
3.2758,5.8531,6.7569,3.2659,1,1.3968
3.46,1.7382,5.75,3.2844,1,1.836
5.1588,3.066,2.844,1.3394,1,1.153
5.5305,4.8607,7.5715,6.0592,1,0.41655
4.904,5.6387,6.8305,3.9318,1,1.7248
5.4654,0.97578,7.5071,0.055275,1,0.32504
5.0514,1.6477,5.4531,4.4028,1,1.5659
2.167,1.9957,7.4838,1.1997,1,0.4464
4.556,5.3504,2.2863,4.1943,1,0.44066
4.5249,2.9183,3.9209,3.5148,1,1.8687
7.5598,6.7913,0.81203,6.6003,1,0.57515
4.2185,0.82381,3.6117,2.4153,1,1.2321
2.8689,4.8901,6.8253,6.831,1,1.093
5.1109,2.5276,0.62309,0.093639,1,1.2745
3.8491,0.37113,4.404,2.7425,1,0.04042
5.1567,4.3968,3.3192,6.4375,1,0.31715
6.0174,3.899,3.3626,5.4499,1,1.9887
7.8646,7.9851,4.1592,5.3173,1,1.621
1.8181,5.3693,4.1485,1.9307,1,0.87672
4.9811,5.3063,5.2252,7.3575,1,1.2143
0.4558,3.3222,3.7841,2.2634,1,0.54238
4.6655,4.283,2.8731,4.3856,1,0.18185
2.2942,3.9345,4.4793,3.3703,1,1.0224
3.1674,1.1897,7.0768,2.8373,1,1.1647
4.707,5.0376,4.8377,5.6686,1,1.4429
3.2999,1.4847,0.19121,3.2468,1,1.7319
6.9989,6.4495,4.3711,5.5177,1,1.3579
6.4993,1.0448,1.3577,5.6136,1,0.70303
5.0382,6.6383,2.0615,6.9346,1,1.9022
3.6441,2.6096,1.2622,6.4808,1,1.6126
5.5033,1.7903,2.6682,0.40176,1,0.33228
3.1379,7.1453,5.3075,2.6335,1,1.6492
1.9374,7.259,2.3318,4.9856,1,1.6135
0.25589,7.0345,7.9083,5.1944,1,0.75734
5.8501,7.3598,3.963,1.4463,1,0.94683
0.57132,7.3304,4.0944,2.0365,1,0.80913
7.6733,5.2568,6.1545,0.91637,1,0.52799
6.49,6.0695,3.3855,5.5171,1,1.3752
1.4621,0.097855,0.22672,0.81186,1,1.6861
0.82824,2.5655,5.8393,2.9271,1,1.0204
2.0707,4.6166,3.7404,5.8486,1,0.20985
7.8377,3.3231,6.3587,3.4469,1,1.6213
3.8777,4.3118,0.087581,4.842,1,0.45935
5.5206,4.136,1.5708,6.7121,1,0.19493
2.1673,3.564,4.5908,0.85874,1,0.2209
0.12781,3.4033,2.4039,2.1759,1,1.3115
6.1288,7.2844,3.8321,6.9921,1,0.16615
5.3931,5.919,3.0799,5.2714,1,0.038895
4.7863,2.6755,0.91243,5.3438,1,1.0861
1.4191,3.1674,3.9373,3.5031,1,1.2707
1.2219,7.4345,6.9613,2.1247,1,1.0181
3.9236,0.33227,3.2373,3.0277,1,0.33378
6.796,5.2222,4.1501,5.7679,1,0.16249
7.4215,0.27216,1.812,3.9988,1,0.28457
2.0172,7.2652,4.3016,6.868,1,1.0465
6.7965,1.9072,0.92658,5.1773,1,0.21513
2.2843,0.78731,2.2903,7.2992,1,1.0277
2.1187,2.7397,3.9313,6.3348,1,0.5136
4.9493,7.9682,0.10822,3.6701,1,1.0418
7.0185,1.2101,1.4814,7.4388,1,1.5683
1.277,7.4939,0.52312,3.0441,1,1.3841
0.223,7.0988,7.3325,3.5079,1,0.45639
4.8732,7.4029,5.0849,0.43854,1,1.9844
2.3649,1.9207,3.087,2.0889,1,0.44939
2.9451,1.3945,6.145,4.6695,1,0.62985
7.2345,7.1845,3.4783,0.56508,1,1.2899
6.7066,7.2299,4.961,3.4,1,0.011793
7.7607,4.2457,2.726,4.7351,1,1.7826
3.6277,5.5538,7.319,0.8914,1,0.44687
3.9055,6.3862,3.5286,1.3566,1,1.7662
0.22997,2.8704,6.9138,5.8817,1,1.312
3.9689,0.78755,2.1033,3.7129,1,1.0237
4.7719,3.7649,3.3094,4.1055,1,0.3136
1.9389,1.5653,5.5999,4.3802,1,0.20278
2.7802,7.0706,0.92509,6.9577,1,1.43
1.3415,7.0626,0.61805,5.6246,1,1.339
5.5047,7.9085,0.48267,4.9729,1,0.97353
2.4378,1.168,7.644,7.6839,1,1.7477
6.0007,3.0391,4.9429,5.6832,1,0.11658
4.5204,4.3604,7.7914,0.94629,1,1.2691
1.1796,1.7148,0.27598,6.1928,1,0.51533
6.2856,4.8777,0.23665,7.2778,1,0.74803
3.3117,7.3966,3.6512,7.7418,1,0.39499
6.2831,6.7062,6.1739,3.0919,1,1.8966
4.323,4.3763,2.3746,5.9929,1,0.23648
1.3227,7.9316,0.53872,6.0672,1,0.86528
1.132,0.40055,7.7267,1.8269,1,0.77419
1.184,4.6498,3.4624,0.82432,1,0.010273
3.1549,7.048,2.3437,5.5,1,1.4763
7.2287,5.7669,5.151,5.419,1,1.4638
7.1891,7.4701,3.5286,2.809,1,1.8617
7.6317,0.54912,2.7341,0.11011,1,0.79222
4.8407,1.1688,3.2497,0.60422,1,1.2314
2.6595,0.68103,6.0092,5.9739,1,0.46288
2.5169,1.2948,0.33847,4.4303,1,1.3433
7.9004,7.1895,1.1884,0.70746,1,0.7052
6.8053,5.6261,1.3048,1.5831,1,1.8751
2.0991,0.32605,5.1906,3.0937,1,1.4091
0.55374,7.4483,2.0395,5.38,1,0.50484
7.5556,2.6107,7.4941,2.0918,1,1.6845
5.205,5.0763,2.3853,5.2258,1,1.9584
5.6104,2.8312,5.9222,2.3608,1,0.94028
6.0678,4.3257,6.4646,1.2062,1,0.40162
6.1146,2.3778,3.9787,5.041,1,0.84848
1.5489,0.54654,0.8691,3.5074,1,0.7775
2.015,5.136,5.1789,4.9772,1,0.060479
1.9904,5.7048,5.8678,7.1075,1,1.0778
1.5326,6.1799,4.9468,7.508,1,0.98378
2.8344,6.5139,2.5699,7.8094,1,0.75667
0.74196,0.16829,4.234,0.77518,1,1.8297
5.7885,3.6641,2.1671,6.6509,1,0.11478
4.4426,4.7583,2.456,2.9277,1,1.9874
4.9374,6.5336,4.8069,0.43381,1,0.119
3.4744,5.4971,5.3867,2.8737,1,0.98264
1.3843,0.8955,4.5946,2.9722,1,0.71489
0.76322,7.8798,3.3853,6.1245,1,1.4906
6.9292,6.4751,4.1729,2.0494,1,1.7661
6.7833,0.16623,0.4803,5.5143,1,0.52142
0.16743,4.7339,0.31678,0.82148,1,0.72237
0.063467,3.7174,0.93404,5.7483,1,1.3351
4.4736,4.5378,3.733,2.9663,1,0.070094
6.9188,7.6856,7.2798,6.0414,1,0.57162
2.6391,3.7666,4.5538,4.8219,1,0.47611
4.6112,2.9471,2.1729,7.884,1,1.2958
3.1282,0.92696,2.467,0.33121,1,0.76048
5.7896,6.2157,0.80384,7.3593,1,1.3743
0.91582,6.0707,5.9752,6.5418,1,1.1997
4.543,6.5976,7.7266,0.38361,1,0.32373
6.6448,0.083632,5.261,6.8246,1,0.73902
5.7739,3.0966,7.4479,3.7769,1,1.049
0.28382,1.7738,6.4653,0.88555,1,0.88132
5.4121,3.6831,0.16337,5.5237,1,0.45441
1.7416,0.64077,4.3243,4.7531,1,0.1488
1.4576,3.3009,1.3422,7.0592,1,1.8209
3.4454,1.046,4.0555,6.3666,1,1.1986
5.4432,3.7345,5.6963,2.3136,1,0.05705
3.9908,1.5625,7.7106,6.1048,1,1.2256
3.0904,7.2912,4.2868,5.9968,1,0.81574
2.7291,5.9752,6.4404,3.1519,1,1.5502
4.062,3.1541,3.0625,7.0674,1,1.4608
6.13,3.9125,3.2624,6.9936,1,0.49525
0.13576,0.77957,6.4672,7.8527,1,0.99091
3.436,5.5688,1.748,0.61008,1,0.92137
3.0734,1.9278,6.0835,7.7204,1,0.18985
6.2385,1.5091,0.075893,3.2806,1,0.28265
4.2621,4.4621,5.5475,7.0109,1,0.039269
5.4928,7.8914,7.8861,3.6486,1,0.69602
7.8633,3.887,2.5208,3.0511,1,0.036021
4.0291,1.0159,2.4414,2.0485,1,0.0045836
6.1817,5.2944,3.1837,4.0084,1,1.2251
1.0646,2.2668,6.6992,6.9274,1,0.10952
3.9455,6.6412,7.3479,6.4099,1,1.9576
4.5718,0.51005,0.69147,7.8144,1,0.89742
7.1534,7.2895,7.6913,6.2245,1,1.8962
5.4326,5.7133,1.1008,0.6622,1,0.22445
2.9537,7.7233,2.8991,7.4431,1,0.19197
0.97544,3.9089,7.3801,1.0787,1,0.28876
2.6665,3.6399,0.067135,3.2667,1,0.36176
6.9868,4.391,6.8905,0.42498,1,1.0221
1.1664,3.5093,3.6421,2.5451,1,1.851
5.7721,5.0925,7.5664,5.8426,1,1.0439
5.1779,5.8881,6.9681,6.9368,1,0.45773
2.4084,3.2792,1.5386,1.5564,1,0.29929
6.8416,7.4454,6.2365,1.2664,1,1.4583
1.548,3.6655,6.8433,1.0541,1,1.2277
5.1073,6.0162,2.0534,4.3893,1,1.8761
7.6005,4.8441,6.4845,2.5208,1,0.54427
3.43,5.9781,3.7199,7.8699,1,1.6973
2.5749,1.4288,6.8418,6.883,1,0.21001
6.0842,1.1129,4.8565,6.3417,1,0.42358
0.25641,6.4275,0.31446,5.928,1,0.67864
3.3287,1.5504,7.5765,1.0844,1,0.93875
6.8107,1.9746,3.4512,7.9537,1,1.8553
0.34418,4.3817,0.011953,5.7981,1,1.2375
2.9787,2.3533,0.44113,5.6055,1,1.7859
5.8082,4.6842,7.6177,2.886,1,0.1825
3.8953,1.3247,2.0586,0.013953,1,1.5265
6.1104,0.12541,0.98999,0.64353,1,0.15615
4.73,3.969,3.9435,5.1856,1,1.6815
0.1372,6.7525,6.1752,2.3129,1,1.4013
7.3043,7.5592,2.1438,1.2349,1,0.74119
1.7825,0.21009,1.4486,1.9508,1,1.9942
5.2395,0.94267,6.5981,5.8514,1,1.4288
4.4577,3.0485,2.7788,0.68303,1,0.42434
0.70857,6.0763,0.55697,4.6862,1,0.56558
4.1733,7.7942,5.4737,3.2118,1,0.20954
3.3191,4.3816,1.8508,0.048237,1,1.0823
7.0392,3.0274,6.612,1.2219,1,1.2006
6.7069,2.5784,3.2477,3.3164,1,1.1562
1.0291,0.83337,1.1488,3.518,1,0.94369
5.4936,2.8747,2.4758,0.32925,1,1.895
0.59693,7.5976,1.8597,0.68376,1,1.457
6.032,7.1614,4.8234,3.8536,1,0.6415
3.7059,3.6597,4.717,5.8763,1,1.9986
6.6232,2.2363,6.6542,4.2257,1,0.014889
6.056,6.8048,1.8007,3.5984,1,1.7749
0.74033,3.971,1.8291,0.88589,1,0.90049
0.25495,1.8696,3.9313,2.7537,1,1.1815
1.8579,7.1206,4.5399,6.6428,1,0.33571
2.5119,4.6126,0.97336,5.3467,1,0.3611
1.4236,6.4817,0.45982,4.6661,1,1.4084
7.2328,2.3159,6.8793,3.2795,1,1.996
4.9309,7.6811,0.3103,1.4423,1,0.22214
1.4901,7.02,4.9214,6.062,1,1.0898
1.5727,6.0851,1.378,6.8925,1,1.663
5.9924,5.7697,4.1844,7.2977,1,0.56178
0.8859,2.8355,0.94248,4.8474,1,0.71977
4.601,4.9549,5.7669,4.4578,1,0.89903
2.7642,0.48201,3.5523,1.767,1,1.4495
5.943,2.0878,0.031432,6.2856,1,1.974
4.868,2.8754,7.7146,6.9858,1,0.87027
1.2262,5.2109,1.2841,2.5563,1,0.29768
1.2894,2.0168,3.8601,3.4247,1,1.7899
2.3005,2.4008,4.5185,6.1399,1,1.8129
2.9286,2.4474,4.8306,3.9137,1,0.48886
6.9793,4.2506,5.8532,3.2387,1,1.444
5.6305,2.3789,0.64464,4.9532,1,0.93674
7.6227,2.6819,5.5487,3.7184,1,0.50682
3.817,4.8949,3.5901,0.68896,1,1.9457
1.5893,0.7176,4.3443,1.2991,1,0.0095482
4.3675,5.0453,3.1449,4.5399,1,0.16651
4.0074,0.6886,2.016,1.3842,1,0.065396
7.0119,0.46199,3.7407,4.8588,1,0.71544
3.5703,6.3698,6.5101,2.4239,1,0.49371
3.1147,1.3144,6.0096,0.4845,1,0.18267
7.5193,4.6694,6.8638,3.0424,1,0.72073
2.3366,0.685,5.1647,7.4656,1,1.0888
5.3598,7.4009,4.5973,7.3024,1,1.8551
2.3017,7.5256,6.5165,4.2016,1,1.6392
5.573,6.996,4.5417,5.4274,1,0.057633
6.0754,1.4034,4.479,4.2574,1,0.60802
5.6006,7.6166,4.3582,2.0727,1,0.042175
6.0594,0.062941,2.1239,4.4004,1,0.27707
3.5684,1.1348,7.0051,4.4009,1,1.1691
4.2464,6.8768,4.0574,5.8902,1,1.715
0.91424,3.4661,2.2782,6.9486,1,0.13391
4.8912,2.7547,2.1574,4.561,1,0.26436
1.0798,7.4803,2.6851,1.581,1,0.14315
7.2942,7.6555,2.8746,0.76872,1,1.7871
3.0692,1.265,5.1351,0.30727,1,0.1337
4.3119,7.346,1.3337,0.99688,1,0.027389
6.1021,5.782,6.8355,1.9997,1,1.2298
0.38889,0.90236,2.7852,3.7756,1,0.15906
5.4562,4.2023,4.1269,7.5231,1,0.26345
5.2063,6.7775,2.7672,0.54519,1,0.022961
0.05432,2.3398,1.7413,2.4152,1,1.1908
4.5095,1.744,3.1247,2.705,1,1.4917
2.952,3.3858,4.5715,4.705,1,0.057492
0.72904,4.0082,7.346,1.9809,1,1.3059
0.52163,0.1307,4.1607,5.2188,1,0.78831
3.0451,2.9568,6.025,4.8952,1,0.4783
7.4021,3.0551,2.9876,2.6382,1,1.8076
3.7289,4.0656,6.3578,1.0808,1,0.40999
1.5214,0.015129,6.8622,0.080074,1,0.017369
6.7239,6.1603,6.8573,7.4676,1,0.030146
1.5188,5.5528,7.8184,4.6021,1,1.1247
7.5342,5.4908,2.6493,2.7205,1,1.8687
2.46,0.3101,4.5422,5.2068,1,1.4774
7.651,2.4485,6.0728,2.2506,1,1.8038
5.3647,2.3324,2.5879,5.7342,1,0.36846
3.5226,2.9161,1.7081,4.2684,1,1.6645
3.7824,5.0589,1.576,7.9804,1,0.0046752
4.9225,6.5957,3.3125,7.1705,1,1.024
7.6935,4.863,5.3288,7.3716,1,0.89738
5.0664,1.6921,4.4827,0.82887,1,0.58466
4.3521,1.447,2.2086,1.8608,1,1.0976
4.4564,4.9641,0.0052553,1.5023,1,0.95254
0.14525,3.7993,0.61273,2.0055,1,1.1624
1.2081,3.2817,7.1443,6.8355,1,1.0855
3.6837,1.1952,3.9112,4.553,1,0.68292
3.3434,1.4142,6.6782,5.4064,1,0.37089
4.8891,5.6412,0.22655,4.167,1,0.51824
4.0657,7.7859,6.5459,6.8701,1,1.7932
2.396,7.0402,2.0417,1.5372,1,0.37324
6.8889,3.5568,3.0928,6.656,1,0.41298
7.1824,3.676,1.3076,2.15,1,1.0414
6.1789,3.0991,0.3554,7.8948,1,1.046
6.7495,7.1349,5.4847,4.1428,1,0.88391
3.0411,0.25475,1.7271,0.68243,1,1.5938
3.2144,0.39835,2.5319,6.9698,1,1.8628
3.4059,6.9292,3.8451,7.2667,1,0.50107
4.2132,1.9586,6.7075,4.2058,1,0.69961
2.0571,1.3506,4.7939,6.4879,1,1.6978
6.7582,1.88,4.0663,5.3548,1,0.18148
4.344,2.3839,3.0547,4.2711,1,0.85305
1.8563,0.22735,0.20823,2.1944,1,1.389
2.64,6.0039,6.3652,0.42993,1,0.018448
5.825,5.3151,4.6826,7.3523,1,0.33467
7.7757,1.7569,0.30599,1.8317,1,1.4155
2.821,5.6759,4.7095,0.87005,1,1.2936
5.8489,6.907,0.18118,1.2096,1,1.0504
1.8125,6.7333,3.4403,2.3951,1,1.1543
2.758,6.8561,2.2926,3.5276,1,1.5328
3.0641,1.9104,3.1513,1.5667,1,0.8814
4.9472,1.8548,6.9715,5.8514,1,0.6399
6.4942,3.6708,5.4078,2.3023,1,1.461
5.8738,5.6634,1.6757,1.3693,1,1.0675
5.6709,0.0081022,1.5279,5.8881,1,1.9911
1.577,1.8631,2.6815,1.1122,1,0.67304
4.5292,3.6879,7.1324,0.93919,1,0.21236
3.1351,5.5739,7.1082,0.36963,1,0.58436
7.63,6.0878,0.44616,0.22739,1,1.8541
2.9647,0.12667,4.0291,7.5932,1,1.8649
0.42965,7.3164,4.03,1.5323,1,1.2377
7.0026,3.359,7.4435,4.2429,1,1.6888
6.084,5.1916,7.4343,5.5886,1,0.45662
5.6273,1.9043,4.3227,3.0181,1,1.2658
7.9008,6.2154,5.7351,6.741,1,0.52383
3.6903,2.9034,4.936,2.4756,1,1.2653
6.2324,7.1043,5.4307,1.7152,1,0.39348
3.2849,6.1359,6.2936,4.7968,1,0.32012
1.5009,6.8731,4.1224,3.7519,1,0.010552
6.0608,4.1095,3.5352,7.7956,1,0.70065
1.5816,3.8287,7.1111,4.4786,1,0.49824
2.1197,4.507,6.3452,0.16942,1,1.4738
3.2091,5.6805,5.1288,5.1823,1,1.9175
4.1253,0.10277,6.6288,5.0123,1,1.2168
5.648,4.2805,0.48912,4.445,1,0.1338
6.0159,0.28311,7.669,2.9905,1,1.9936
6.0698,0.66682,4.1019,6.9355,1,1.3187
0.55083,7.4011,0.31484,7.9258,1,1.3993
6.8959,1.3469,5.524,6.7878,1,0.45903
0.99917,0.40946,5.1161,0.62569,1,1.5414
4.457,0.75251,5.8277,3.3609,1,1.3417
6.4534,7.1183,5.3457,6.6317,1,1.936
5.9966,4.6492,7.6198,1.7186,1,0.41198
7.883,4.1316,1.9055,3.0898,1,0.42566
2.3871,5.5044,4.981,0.82842,1,0.5721
4.8109,6.9479,6.5255,2.9993,1,0.96594
6.2226,1.7519,1.2414,1.9752,1,1.9543
4.3261,5.3172,5.3846,4.9091,1,0.13327
3.6873,2.8081,4.8418,4.8973,1,0.60844
6.7127,1.3829,0.044158,1.7359,1,1.0698
2.7398,1.3259,4.8947,2.279,1,0.60464
4.0057,4.2295,0.11329,0.94476,1,0.2783
6.0967,1.6558,4.0281,1.87,1,1.3243
5.1345,6.7974,6.9912,7.5746,1,1.6171
0.61366,2.4001,0.84185,5.6232,1,0.9054
2.7968,6.4428,0.4582,1.5062,1,0.55909
6.0244,3.2535,2.5471,3.5086,1,0.70072
3.6864,3.2976,7.577,7.5831,1,0.92087
2.9615,2.6938,3.9075,6.8122,1,0.13629
4.2099,2.6304,2.7368,5.8481,1,1.6663
5.6621,1.2652,7.8146,4.4784,1,0.9443
3.1624,0.67485,2.211,2.9358,1,1.5943
0.0946,1.8375,5.4966,0.29345,1,1.5727
5.2879,6.0408,4.1412,7.9227,1,0.35587
3.4962,5.0447,5.3889,7.34,1,1.8152
0.51057,5.0978,3.8487,2.3001,1,1.4431
4.0391,5.4184,6.4191,5.4666,1,0.23099
7.6611,2.6844,2.5463,5.3468,1,0.29357
2.224,5.2753,4.3378,2.2728,1,1.9524
4.5966,5.8176,7.0345,5.2967,1,1.0436
2.0381,5.3894,6.8728,3.7802,1,1.8251
0.49997,3.9005,7.3205,3.9185,1,0.9686
2.1931,0.72871,5.3275,1.0044,1,0.21761
3.5432,4.4249,7.7003,4.5721,1,0.15178
2.8998,0.15585,3.7113,7.6472,1,1.9551
1.1438,2.1823,7.767,6.1753,1,1.2117
6.7391,5.4288,7.3881,7.7978,1,0.11615
0.21103,5.6781,5.1197,3.7435,1,1.1143
0.75475,6.5592,2.9979,7.2978,1,1.6788
4.7432,0.76747,1.9066,0.18638,1,0.30807
7.0436,0.95169,6.8795,6.9239,1,1.7909
0.09351,6.3688,1.4572,0.25844,1,0.32629
4.3854,6.1472,6.2361,2.7926,1,1.4165
2.645,4.9285,3.6712,1.753,1,0.86412
5.1149,6.6491,5.6698,1.4382,1,1.1598
6.2232,6.0724,2.005,2.7501,1,1.4615
2.2983,3.5511,6.7187,7.8692,1,1.2291
1.4124,0.51277,5.4856,1.8395,1,1.329
6.7538,5.8804,7.196,1.9539,1,1.7672
0.36504,3.9432,4.6435,7.5916,1,1.2633
3.7802,0.97269,2.2377,6.1537,1,1.5016
0.14468,6.7876,7.2188,5.4083,1,0.081197
3.9634,5.4926,0.29496,2.0046,1,0.63289
1.3345,3.677,7.3427,0.39212,1,0.56386
6.5211,7.1449,6.3222,0.18112,1,0.15846
7.367,4.1131,0.33973,6.325,1,1.4562
0.7632,6.3159,5.6573,3.1185,1,1.8123
1.0188,3.6827,4.2183,4.9124,1,0.10356
0.17226,0.89184,4.4424,4.8406,1,1.5681
7.638,1.5545,3.7334,7.289,1,0.83192
2.3841,2.0589,6.6552,5.5563,1,0.012357
5.0972,6.5201,5.2906,2.6795,1,1.9183
4.2828,4.5331,0.9269,4.0713,1,1.6299
5.0582,1.0407,4.2659,7.6087,1,0.15599
3.4939,6.2533,1.3091,5.5427,1,0.86936
6.5592,4.4353,6.3052,2.1432,1,1.0586
5.1937,1.4475,1.5848,1.2452,1,1.9717
2.0045,2.981,3.8346,2.4353,1,1.4229
3.767,5.0136,1.6662,3.1329,1,0.34215
4.6443,2.2141,0.73636,2.0851,1,1.6744
6.0237,2.9162,4.7971,2.7419,1,0.87296
2.0658,3.4566,0.28467,0.62983,1,0.67891
1.6675,5.9456,3.9857,0.54811,1,0.78032
2.0707,6.0414,7.0322,6.9501,1,0.42499
3.5638,0.17932,6.2124,3.2057,1,1.2467
7.7884,3.0322,5.5747,3.6185,1,0.88697
1.9501,1.3419,5.1553,0.1014,1,0.021734
3.3081,2.5878,2.7569,1.9534,1,0.81971
0.38481,7.5856,0.29669,4.2718,1,1.0474
0.69337,1.8539,3.0679,3.3978,1,1.5472
6.8237,7.566,0.94587,1.5018,1,0.21825
3.6358,1.6174,2.2666,2.7213,1,1.2208
5.2534,7.8374,3.3897,6.6829,1,0.37894
3.1299,4.4969,7.6547,0.35375,1,0.12907
7.2667,5.5517,6.8343,6.1789,1,1.9161
3.0612,3.3686,2.0865,3.9799,1,0.019144
7.0301,2.6393,1.5521,2.2568,1,1.9001
5.1311,2.2327,2.4578,3.5427,1,1.7832
2.6027,2.9963,6.2038,5.2594,1,0.012021
0.70057,1.998,2.0929,0.89969,1,0.98957
3.7698,4.289,7.474,0.49673,1,0.16862
6.4158,4.0746,3.1183,0.94974,1,1.3105
2.0872,4.1636,0.27245,7.7012,1,1.8647
4.182,5.0196,6.7646,7.0035,1,0.10834
0.57016,1.5632,4.3331,4.3703,1,0.52374
1.675,5.8896,3.2488,4.1239,1,1.4212
7.9318,1.2476,3.7951,3.8342,1,0.84783
3.8987,7.9542,0.65089,0.11046,1,1.9731
7.6014,6.2743,0.59407,3.3407,1,0.71847
7.8936,7.5124,0.12348,3.7861,1,1.7963
1.1493,1.9658,1.0517,5.6246,1,0.66009
0.82781,1.7705,6.8013,6.3049,1,0.37134
3.1588,2.077,4.7901,5.3426,1,0.15288
3.1415,1.8525,7.5694,2.8753,1,0.58145
0.76756,5.1595,3.9689,2.1315,1,1.4657
7.5944,7.7257,6.6276,1.519,1,1.5689
3.6778,1.003,3.0649,0.5394,1,1.821
7.8033,5.5846,1.9677,5.4035,1,0.17981
7.7469,5.3182,0.9055,0.66213,1,0.071711
4.5758,6.7169,6.1468,7.997,1,1.2102
2.9379,0.13528,1.8836,5.4342,1,0.85802
1.3303,4.3419,4.7089,6.4929,1,0.94442
7.3478,6.9079,4.1747,4.2315,1,1.3592
5.4535,1.5125,3.778,4.9356,1,1.8519
1.3292,6.9129,2.1941,4.5918,1,0.24961
4.1411,0.64675,2.9622,5.3928,1,0.052688
5.2143,7.1414,3.6018,6.9355,1,1.501
3.5853,4.8532,5.6019,1.8678,1,0.90817
0.3818,4.8906,0.13672,4.9946,1,0.38873
4.0466,3.8384,5.6844,5.5226,1,1.4521
3.5283,2.6291,4.3768,6.8671,1,1.8288
5.008,4.1377,4.2998,1.288,1,0.27646
4.7636,4.8557,5.1545,0.50884,1,0.1269
4.8308,3.266,3.5104,0.63531,1,0.81533
0.90321,7.9769,5.6471,3.7236,1,0.24098
6.0061,7.722,6.9339,7.0381,1,0.34732
2.3019,6.8104,3.7005,7.9773,1,0.56219
2.8654,5.9201,4.373,4.5716,1,0.14771
0.66591,1.5801,7.1745,5.3881,1,1.2147
0.41321,4.0628,2.4077,1.9243,1,1.552
7.1401,0.42456,4.4531,1.2108,1,1.9787
4.2097,4.292,5.6998,6.5499,1,1.7482
4.9737,0.084853,1.7782,0.42093,1,1.0289
7.1427,4.637,5.0244,1.1543,1,1.4972
2.2453,6.9502,6.417,3.907,1,1.9471
4.2173,1.7405,1.5727,0.14154,1,0.68866
6.6824,2.1973,5.2605,1.3582,1,0.58926
2.9649,5.1914,4.5422,4.0979,1,0.12084
6.2226,0.24007,5.443,7.1419,1,0.74205
4.989,5.5414,6.2798,5.0593,1,1.3806
6.421,3.0063,0.38299,0.824,1,1.081
6.7947,4.2598,7.2689,0.71724,1,1.7279
6.8596,7.0632,0.59488,2.7373,1,0.45643
6.7553,1.0728,7.0504,1.5494,1,1.6932
1.6638,5.3643,1.7316,0.51798,1,0.85825
2.4246,4.6845,1.9663,5.9204,1,0.44604
0.0033484,0.023421,7.4056,0.31754,1,1.0741
1.5329,1.3092,5.578,5.3498,1,1.5688
4.1764,6.3665,4.6246,4.1225,1,0.77776
4.6415,3.9434,4.4714,6.8369,1,1.3829
0.36263,7.2085,2.034,4.4456,1,1.2265
6.5614,4.3882,0.21017,6.7002,1,1.9215
6.6493,3.218,4.0255,5.2212,1,1.3922
6.2378,7.0275,1.8401,6.4029,1,1.5064
7.8587,0.88874,5.7349,5.3335,1,0.35596
2.8375,3.1185,4.6806,1.5569,1,0.34625
7.343,2.8364,0.54501,1.5713,1,1.0071
3.1421,7.2425,1.9471,1.8631,1,0.032131
3.6002,5.5642,5.6476,3.6799,1,0.19549
5.1941,5.0196,1.1917,1.6166,1,1.3254
2.6356,2.2436,3.2921,6.8285,1,0.60906
6.0775,4.3776,6.2226,6.2965,1,1.8876
0.90106,6.9327,6.7976,2.3611,1,0.46672
3.8177,1.5285,7.3119,2.5269,1,0.21747
3.5142,4.303,0.39341,4.4115,1,1.1829
2.2019,3.3474,3.9931,4.9052,1,1.6766
7.1712,3.8936,2.0059,1.2166,1,1.2449
6.8694,7.126,1.2567,4.7738,1,1.6696
6.4806,6.381,7.0272,3.2115,1,1.6758
5.0084,1.6559,3.0113,5.6701,1,0.057513
2.2649,4.9787,0.82625,2.9589,1,1.0023
2.5892,7.1639,5.6159,0.96442,1,1.9901
7.5514,6.2991,4.9742,7.6057,1,0.22218
7.0153,6.1445,5.4806,5.754,1,1.2125
1.0842,4.5421,2.7706,5.4261,1,0.67824
2.6266,1.7159,2.9743,3.5286,1,0.93405
2.1175,7.1213,0.40325,3.5931,1,1.7909
7.2899,1.2784,4.6748,3.5753,1,1.9468
6.2169,7.6477,1.8959,0.50969,1,0.45845
6.2514,7.7187,1.7976,7.0785,1,1.8937
1.4973,4.9672,6.9006,2.4705,1,0.34397
5.7931,4.6889,3.6501,3.6306,1,0.23662
0.0044596,7.2338,1.2705,6.7686,1,0.95338
2.5285,1.0134,5.3794,7.3209,1,0.68488
1.6328,4.5971,4.3382,3.019,1,0.17236
3.3544,5.1303,1.0079,5.4683,1,1.6628
6.8401,4.8084,6.4253,5.8011,1,1.4024
7.5068,1.5109,7.2332,7.3876,1,1.4495
2.9927,5.6174,1.4667,7.5205,1,0.45525
4.8114,0.21303,6.2464,2.3922,1,0.70866
1.2069,3.5719,6.7911,7.2172,1,0.84743
2.1746,5.6405,5.4291,6.2214,1,0.79113
0.20092,7.6762,3.7831,7.0784,1,1.735
6.8912,3.0313,3.0072,4.9244,1,1.3265
2.3538,0.82774,0.16856,1.1887,1,0.66536
0.27044,5.8618,3.5452,3.2347,1,0.18479
6.636,7.4173,6.582,0.94076,1,0.3404
6.3556,3.0337,7.139,5.0273,1,0.49445
6.5488,4.3803,1.6211,6.9182,1,0.44451
4.8096,1.9714,7.2242,5.0965,1,0.28887
1.871,6.2816,6.9678,4.4308,1,1.7956
7.5867,2.3944,3.996,3.1493,1,1.8981
7.5169,5.8683,2.8022,2.7088,1,1.5779
6.355,2.8128,2.6739,3.2437,1,1.1191
5.6115,6.615,3.7374,1.448,1,1.9474
2.0216,3.7285,0.28263,1.069,1,0.16184
6.2785,1.4405,2.608,2.3638,1,0.20665
7.5382,1.6521,3.4492,0.40367,1,1.3516
0.8853,3.4719,6.678,0.77424,1,1.5688
3.2179,5.1645,4.8857,0.11569,1,1.1707
3.3713,0.28273,5.2741,6.2294,1,0.35299
7.3607,2.6117,2.2574,5.6162,1,1.8777
6.6412,3.64,3.2446,7.9101,1,0.55772
2.3996,3.471,3.5186,3.8342,1,0.37911
3.979,7.0178,1.514,0.051425,1,0.43261
4.3427,4.2325,6.0322,5.1565,1,1.365
5.6955,3.8393,2.2718,0.94566,1,1.0713
4.377,6.5815,5.5348,5.6647,1,0.36701
2.572,1.2943,5.935,4.5337,1,1.4892
2.3021,0.75223,4.6556,0.68157,1,1.55
5.6923,0.16769,1.6779,5.4191,1,0.90626
3.9457,2.8214,4.8952,3.655,1,0.58976
6.7019,2.7818,7.7614,3.2198,1,1.0488
4.0829,4.5808,7.1473,2.9992,1,1.936
2.8263,1.4715,4.5205,5.5469,1,1.0392
5.6625,7.2452,7.0154,2.1409,1,1.8409
1.5149,1.9066,4.3074,1.0699,1,0.45461
2.0522,2.5391,1.0639,1.312,1,0.54244
2.7619,1.6238,0.57216,6.9878,1,0.30375
6.3543,7.5709,2.8115,0.4714,1,1.8428
6.2172,1.9935,4.2536,0.58879,1,1.7032
6.0106,1.4113,6.6096,0.26955,1,0.035887
5.7191,7.3949,4.4391,6.6307,1,0.71361
2.4542,5.3907,0.44933,2.6145,1,1.7666
3.2887,4.0173,2.858,7.9108,1,0.92979
7.5745,0.80188,2.5565,3.1546,1,1.6771
1.2821,1.8654,1.3107,4.5487,1,0.30571
5.365,7.173,5.3988,5.2636,1,0.82811
5.2445,3.1843,4.6842,6.4941,1,1.3637
7.7476,2.3206,0.12599,3.281,1,1.7144
7.8626,6.5294,1.5156,0.31785,1,1.2118
5.8443,0.3858,6.3378,3.1623,1,0.11957
4.9659,1.3215,2.6346,2.1596,1,1.0822
6.8298,3.4577,4.6242,1.0918,1,1.1631
5.3696,6.6955,5.0752,1.6945,1,1.8134
3.2412,7.1091,4.6004,0.13368,1,1.0808
6.8212,1.7807,5.096,5.6999,1,0.66746
0.40628,3.6747,6.9249,6.2069,1,0.68404
5.9856,4.9984,5.8248,5.3609,1,0.97035
4.592,6.4031,3.597,2.2081,1,1.4517
3.1767,3.1107,4.8475,0.14874,1,1.3816
3.712,6.1528,2.6796,1.2966,1,1.1694
1.9728,0.78716,3.2786,6.5855,1,0.32798
1.6454,0.78037,6.1611,7.8777,1,0.88278
1.045,1.96,6.9309,0.52577,1,0.12068
2.0802,3.5757,5.4013,2.0919,1,1.3924
4.4444,0.34401,1.3328,4.6934,1,1.0188
7.9949,7.8284,6.1183,1.8739,1,1.4738
5.3335,4.9779,6.8436,4.3864,1,1.8102
0.14207,4.6869,2.249,5.9511,1,0.43184
0.4077,2.2546,1.0682,3.6549,1,0.44593
4.4262,0.56921,0.77995,2.5946,1,1.2576
6.0138,3.5684,1.8515,4.5419,1,0.42577
2.1747,1.4072,6.2049,0.6549,1,1.0975
5.8565,5.226,5.2243,5.5093,1,0.22158
2.8628,4.8076,2.7833,6.4965,1,0.23446
3.3275,6.3582,7.0138,2.8257,1,1.6301
0.98531,2.7842,3.6847,3.6429,1,0.77223
0.49794,3.3659,7.9293,6.4683,1,1.0993
6.4539,3.645,4.6976,7.9903,1,1.4673
3.7337,4.9314,1.0327,7.174,1,0.33306
1.7793,5.0266,3.9538,3.6886,1,0.20728
0.70465,7.2597,3.1886,0.19561,1,0.93377
6.8663,6.9085,4.0436,3.9031,1,0.47364
7.7641,1.1683,0.97379,2.4749,1,1.7593
2.2397,4.8104,2.1549,7.309,1,1.2108
1.2978,7.3606,0.85516,1.1483,1,1.2791
2.1201,0.079714,6.8209,2.4658,1,1.8171
3.6668,2.6292,7.9303,6.5083,1,0.59012
7.0071,2.5353,7.6783,7.4288,1,0.99228
3.9341,7.9376,3.1589,7.5782,1,0.1828
3.062,5.8442,5.9695,1.3873,1,0.72392
5.2909,5.0221,5.7979,5.3808,1,0.085789
2.3981,3.899,2.7514,0.60448,1,0.67241
0.97962,1.1419,3.0114,6.069,1,1.7291
6.853,1.0643,6.9059,4.7544,1,1.1805
7.3439,0.44752,5.6374,3.9838,1,0.73162
7.9857,7.64,4.1066,5.3623,1,0.0037809
3.9436,4.2501,2.447,6.8787,1,0.13242
4.2753,0.050474,5.296,4.3106,1,0.89118
6.273,1.2845,1.2366,6.4987,1,1.9558
2.2811,5.2584,6.4539,6.5603,1,0.61028
0.59366,4.9408,1.0893,6.4733,1,1.9558
7.2034,1.4621,7.3762,1.0925,1,0.086709
5.3823,1.0216,1.7541,5.2708,1,0.64517
4.0198,4.2754,3.6728,4.1494,1,1.1443
3.0739,6.8486,2.845,6.8687,1,0.84012
1.8432,5.7865,0.7485,1.2258,1,1.8101
4.5899,5.4588,0.62597,2.8166,1,0.70665
0.92051,3.9395,3.4663,1.8584,1,0.39879
2.057,0.75176,2.1567,1.5716,1,0.835
0.14383,1.5356,2.1234,4.7729,1,0.23298
1.23,3.3676,0.35282,3.8217,1,1.9023
7.1324,7.2893,1.7205,5.0021,1,0.029908
6.2715,0.067759,6.0891,2.6497,1,0.2091
7.2704,6.1777,0.99443,7.6775,1,0.6798
4.8664,4.6048,7.8879,7.8925,1,0.91878
3.0098,0.25436,5.7529,2.015,1,0.81353
6.606,4.5354,4.6092,2.4334,1,0.57905
2.1713,5.6757,1.9231,4.4799,1,0.65206
2.2254,2.1231,4.0198,4.5432,1,0.25222
0.39095,6.5054,1.6116,5.7512,1,1.37
1.3112,6.7741,3.808,5.6723,1,0.59418
1.8152,7.2202,4.9605,1.858,1,1.2
1.0745,0.42952,1.6479,1.8364,1,1.2814
1.7575,5.3525,5.289,2.427,1,1.1337
5.2282,5.3256,4.0275,0.25145,1,1.5267
6.2947,6.5914,3.0628,2.8289,1,0.66104
5.6196,3.0712,0.24908,3.6531,1,0.55883
2.6902,0.41747,4.3199,3.0475,1,1.9969
4.237,7.0915,6.5246,2.5975,1,0.53233
2.2225,6.0355,7.8314,5.1397,1,1.7045
6.8419,4.4709,2.0247,3.013,1,1.0901
0.35855,2.6775,6.4206,3.9485,1,0.5176
2.2774,6.5354,4.7307,3.1509,1,0.22182
7.9719,0.042402,2.0122,5.3628,1,1.2424
3.3759,5.0422,0.31476,3.5677,1,0.65639
6.38,6.8448,7.3868,2.3676,1,1.8052
0.76211,3.1599,5.424,1.2274,1,0.13052
0.85099,0.77168,3.1671,7.8814,1,1.1379
2.2582,5.349,4.9549,7.3237,1,0.4148
0.40791,5.6245,1.2778,5.3685,1,0.13663
0.23798,6.7329,6.0314,0.78228,1,0.41697
0.69559,6.9259,0.19671,2.0125,1,1.2312
3.7471,5.9069,1.5617,4.3861,1,0.91824
7.771,2.5936,1.6209,4.5382,1,0.96626
2.3393,3.2412,4.0221,6.3174,1,0.18654
1.6119,0.19819,5.4509,5.8828,1,0.29894
2.4792,2.6546,1.4928,5.501,1,1.1293
4.3537,7.4684,0.25134,5.2984,1,1.5503
5.1836,7.8778,7.6402,6.006,1,0.19359
3.7525,0.83319,2.9772,0.55821,1,1.8235
4.7993,7.8504,7.3021,4.0029,1,0.094691
5.5526,0.59227,4.2589,5.0505,1,1.6934
4.9895,0.60579,2.398,7.0658,1,1.4669
4.725,5.0231,6.0783,1.9789,1,0.44199
2.252,6.22,3.3449,0.8669,1,0.82858
7.2978,4.5112,6.3562,2.466,1,0.19162
0.63392,4.4739,2.8731,6.4426,1,0.093022
5.0231,2.7118,0.050322,7.365,1,0.38221
4.7672,6.4275,1.8161,6.8988,1,1.7888
2.0745,6.4233,2.7543,1.1439,1,1.5647
7.0481,6.6425,3.069,1.577,1,1.0244
2.2225,0.82496,1.518,1.0364,1,0.48122
4.5056,5.8262,6.0527,1.1749,1,0.24217
1.3309,3.5075,2.3753,4.3406,1,1.8489
2.0206,4.7968,1.9304,2.7131,1,1.3287
0.45449,7.9134,7.2319,6.3525,1,0.16958
7.4258,4.4495,2.3375,0.10049,1,0.83659
7.9957,5.3883,4.3988,6.1756,1,0.63938
5.5144,2.9187,0.58609,7.3431,1,0.20552
5.9876,6.2743,2.8251,0.16926,1,0.032845
2.7119,5.7637,7.2112,3.7892,1,0.11148
3.2621,2.686,2.4328,2.3719,1,1.9428
4.6023,1.899,7.2933,0.30209,1,1.1141
5.3957,7.4602,7.9079,1.3791,1,0.0059614
0.98565,1.3143,4.5734,4.5393,1,1.5153
0.88394,5.883,4.2651,3.7126,1,1.1889
7.8657,2.9214,2.2037,2.6236,1,1.7756
6.2061,1.8534,5.2049,0.25488,1,1.9502
0.91834,1.1391,5.7531,2.6232,1,1.3558
0.81388,4.4789,0.98217,2.0072,1,1.1404
0.071065,3.7477,2.3524,2.0747,1,1.039
4.0085,0.51646,3.8786,6.5544,1,1.3193
1.5532,7.671,7.6315,7.2552,1,0.76214
5.1343,6.5625,3.3357,5.7426,1,1.6646
5.3552,4.456,7.6785,7.1576,1,0.25185
3.6257,2.4269,1.0157,2.5635,1,0.7388
6.8564,1.4475,0.79432,0.14107,1,1.5957
2.0523,2.8786,6.4682,4.53,1,1.5642
3.9024,3.5325,2.7036,0.43825,1,1.3847
0.14177,3.3713,7.051,0.011844,1,1.0014
6.0384,5.4041,1.4488,7.9682,1,1.7829
5.5679,0.81606,6.9734,7.2668,1,1.8122
4.5371,3.2659,0.8051,4.351,1,0.88037
5.0444,1.716,5.1185,7.7474,1,1.3944
7.0733,7.4147,7.5621,4.1431,1,0.35636
6.5758,0.39127,1.0333,7.4554,1,0.56181
7.5528,5.4747,5.3932,3.0136,1,1.7362
4.4683,2.427,6.7939,6.2765,1,1.9413
7.826,4.8261,0.11942,2.0555,1,0.6201
1.8183,5.7805,5.1931,7.4367,1,1.088
3.5348,5.1218,1.7614,0.39602,1,0.42091
6.9135,0.88674,7.7198,3.2293,1,0.36474
4.5027,3.2989,6.3073,0.61627,1,0.054482
6.7348,0.96544,7.6212,4.8974,1,0.52703
5.5718,4.2114,5.0318,4.9652,1,1.4402
0.36145,6.4467,3.1556,1.3201,1,1.7946
7.1387,6.7606,4.7761,3.3419,1,1.1141
4.3511,5.7478,2.9823,1.9215,1,1.3376
0.29343,3.0847,6.2645,2.7478,1,1.132
2.5461,7.9447,0.21859,2.1803,1,1.0047
2.9574,1.7755,3.0911,6.4341,1,1.5693
5.2433,2.8594,2.7121,0.4216,1,1.7257
0.59081,5.4768,4.5887,3.4476,1,0.97238
5.4282,1.6257,2.9462,6.0791,1,0.21
5.1131,6.0445,5.1696,5.3473,1,1.1846
5.9225,3.7126,1.1486,2.5497,1,1.6957
5.2625,3.1117,7.3361,4.2208,1,0.31781
5.5441,6.2672,6.7716,3.6583,1,0.17792
1.085,4.5705,4.9883,5.5772,1,0.83146
1.1099,2.4808,5.6988,1.6996,1,1.4676
3.1147,0.16882,5.2066,5.0749,1,1.4369
6.4129,5.4469,2.2159,5.2357,1,1.5296
2.3358,6.5479,0.62178,7.271,1,1.9953
3.3504,2.1273,2.0797,2.7209,1,1.5772
5.0921,5.9779,7.2255,7.9998,1,1.9544
3.8079,3.8219,0.54887,2.4379,1,1.8462
5.4894,2.2911,3.4712,2.9393,1,1.0005
1.2609,3.5806,7.3179,0.71016,1,0.74425
0.42006,6.5789,6.4404,6.7444,1,1.3241
7.6883,4.7827,7.0271,0.41946,1,0.046381
1.6418,4.6218,6.1701,6.9767,1,0.16172
6.8003,7.4434,4.301,0.42124,1,1.7736
1.2788,6.366,2.4584,5.2199,1,1.7486
1.1631,6.9548,6.8983,5.9802,1,1.335
7.4535,3.1443,3.5526,1.7391,1,1.5938
6.9603,5.8098,1.0325,0.75659,1,0.18734
1.5612,3.5398,2.5483,5.1538,1,1.4826
2.6624,6.5373,2.0236,4.9094,1,1.7131
1.4325,4.0362,5.6921,1.8466,1,1.6158
4.6312,7.8277,7.1066,6.1108,1,1.7665
2.6094,5.785,3.7055,5.9197,1,1.1225
3.2926,0.4834,4.0031,4.1254,1,1.0351
4.0503,3.3786,5.2398,5.767,1,1.3321
3.949,0.76895,6.48,3.1635,1,0.7442
2.5187,3.2792,4.123,2.2619,1,0.94976
0.22882,1.1103,0.95074,4.088,1,1.8778
2.8534,7.5376,2.437,1.7993,1,0.21762
4.8347,4.4443,4.8379,6.3414,1,0.041849
7.9098,0.69501,7.2038,1.9048,1,1.6185
4.9207,2.2337,5.2073,7.0951,1,0.76173
6.9487,7.3032,7.2889,7.0439,1,0.43193
0.11365,0.7361,5.7549,2.4671,1,0.42615
0.93713,2.9064,2.6625,4.8703,1,0.021823
0.70827,4.4398,7.7452,6.1156,1,0.69711
7.344,7.5763,2.6585,2.0209,1,0.89738
5.9215,0.77718,6.2553,2.1654,1,0.25723
7.5932,6.5495,1.012,5.849,1,0.47822
0.89305,1.8463,6.5395,1.5759,1,1.7566
6.0828,7.0026,0.21567,1.8988,1,0.82024
3.2924,1.9006,7.0077,0.71268,1,1.3317
1.9806,0.89829,4.8231,7.7531,1,1.4916
0.89707,1.4052,2.588,0.69497,1,1.5303
4.1222,1.3381,4.6454,1.7093,1,0.31124
4.794,2.3321,3.8783,1.6061,1,0.19807
2.4512,1.6216,6.7758,5.5848,1,0.69438
5.2849,3.075,4.3572,1.1221,1,1.3263
3.7607,3.5079,6.2347,0.8741,1,1.3895
0.4848,4.6538,2.9934,2.8728,1,1.4349
5.5832,6.3597,4.6795,3.6403,1,0.37775
1.325,7.0194,3.4236,3.2965,1,1.0008
4.4385,3.4095,6.3494,3.3457,1,0.43859
5.2081,7.4465,1.6012,6.3516,1,0.78177
4.0147,7.3068,3.2439,5.1174,1,0.80126
1.4371,6.931,7.1136,4.0727,1,0.45668
7.4197,1.6059,5.373,3.7626,1,1.685
0.20365,3.6111,3.3512,0.37542,1,1.8519
7.7058,1.8929,2.9786,5.276,1,0.61168
7.4515,1.5033,5.6992,0.83046,1,0.62464
6.3189,1.1558,2.5169,6.1309,1,0.59921
5.0998,5.8143,5.6842,5.3199,1,0.68897
5.9791,6.2286,5.4171,1.4806,1,0.6101
2.5118,7.9861,6.2863,5.6037,1,1.6684
2.9252,6.6375,6.1334,5.178,1,0.061802
7.9963,6.2146,2.6197,0.34228,1,0.92395
4.5829,4.2177,2.0423,6.4774,1,1.5099
5.6667,6.5682,2.6645,3.9085,1,1.962
7.5599,1.2202,7.9572,5.0161,1,0.16417
3.5664,2.4485,3.5896,2.1789,1,0.47764
7.6544,6.7219,7.0569,7.4137,1,1.9066
0.50017,7.2622,6.9486,0.088408,1,0.48191
7.4398,3.6814,3.582,0.57227,1,1.0058
3.0462,2.7932,0.052573,6.1579,1,1.9415
2.9245,3.4787,6.9672,0.72493,1,1.9175
4.1909,2.6218,3.9281,5.6732,1,0.38188
4.4999,4.9414,1.2167,7.6206,1,0.41989
7.011,1.8594,3.6694,7.2378,1,1.1729
0.31854,2.2191,2.011,1.7189,1,1.3523
4.4265,1.6223,7.8889,0.22761,1,1.3012
0.77782,3.0621,2.5947,0.71668,1,0.54142
7.1827,5.4163,3.9856,3.686,1,1.1016
2.6454,1.4922,0.92121,4.6872,1,0.72868
0.60263,2.6448,4.753,4.0147,1,1.5626
6.5872,7.1777,4.5566,0.31998,1,1.915
7.1951,1.2187,5.3294,0.46137,1,1.7361
4.5464,2.4877,0.82699,0.42555,1,1.9401
0.75346,5.2472,2.9665,4.4678,1,1.6988
6.3683,5.786,4.57,3.081,1,1.7544
5.9724,0.54093,0.32996,6.8132,1,1.174
5.2881,4.7038,2.061,5.4439,1,1.7905
3.049,2.5147,1.262,5.3673,1,1.0634
6.4875,4.1195,1.5087,6.2281,1,1.8099
4.5096,4.7981,4.9593,5.2043,1,0.26393
2.0124,5.527,3.0501,4.4739,1,0.39474
6.2783,4.9639,1.8372,0.7132,1,1.9637
5.177,5.8048,4.9182,7.8105,1,0.50142
2.2486,4.4016,7.646,2.0147,1,1.0764
4.6627,3.8694,3.8516,2.3325,1,0.3632
1.862,3.9068,5.3161,0.33628,1,1.901
3.5657,3.4432,5.9806,1.9605,1,1.4857
2.277,0.49108,4.9021,3.0284,1,1.6375
0.40575,7.0618,0.64867,6.6902,1,1.3934
4.8267,4.1097,1.9824,5.6338,1,1.0934
7.0527,1.0764,6.9506,7.8471,1,0.73996
1.5555,3.8709,3.5045,1.2767,1,1.847
3.3592,5.2741,3.3563,7.4839,1,1.4248
7.6205,7.323,1.4614,5.3482,1,0.19305
7.8735,5.9495,1.7069,4.9391,1,0.6712
5.0609,4.1261,6.2953,4.0209,1,0.32907
4.0597,6.5825,3.4306,1.2615,1,1.3498
2.213,2.9983,3.1744,1.0569,1,1.9325
7.6893,0.11208,4.0749,1.5607,1,1.706
6.8231,4.5944,2.5357,3.094,1,1.5296
5.4435,1.0024,4.9587,5.5013,1,1.5206
1.8171,1.7944,0.12013,4.6826,1,1.4655
6.9164,0.63076,3.4608,6.4383,1,1.0191
3.2399,3.7256,2.9486,4.4963,1,1.1047
1.461,5.3833,5.1392,6.5304,1,0.52994
6.3933,2.4915,5.7223,7.3061,1,1.4071
0.69512,4.0627,6.2095,4.026,1,0.11707
5.344,3.2774,0.0083858,5.3942,1,0.92276
7.6613,3.0926,2.0814,1.6646,1,1.2693
2.8347,1.083,1.7338,4.8487,1,0.8876
3.8434,7.096,0.10079,4.6279,1,0.13288
2.3396,3.8961,1.4098,3.9684,1,1.2437
5.8558,7.9028,3.2163,7.0765,1,0.38073
5.3344,3.9151,3.7591,3.0789,1,0.29489
6.5378,0.88247,6.5243,6.5632,1,0.53642
0.77444,4.4559,6.6523,5.4158,1,0.51036
2.1876,2.2144,5.8103,5.9999,1,0.70371
7.6298,7.6129,4.7994,5.7328,1,1.7936
0.91385,3.4787,6.7548,5.0376,1,1.6405
0.58545,7.8381,5.758,7.7321,1,0.69593
4.7834,3.8658,6.6459,0.57117,1,0.92854
1.6674,5.5902,5.8555,0.64371,1,0.79759
7.3802,3.4917,1.8985,1.8307,1,0.54274
6.4805,3.5515,7.2812,3.5621,1,0.82822
4.7231,3.5512,0.58417,3.5867,1,1.8154
4.0094,1.329,1.5393,4.2279,1,1.8284
0.28642,1.3103,1.2468,3.9072,1,0.76204
6.168,1.1275,5.3626,4.6009,1,1.638
4.8584,5.8461,5.9502,4.9541,1,0.49613
1.1586,3.8849,3.0782,0.38113,1,0.066407
5.0495,2.4755,1.5016,6.1268,1,1.2216
5.7598,4.7525,5.7824,7.2703,1,0.25416
6.0801,0.70913,5.4617,7.2729,1,0.30836
7.5138,7.5321,3.4918,1.9672,1,0.14291
6.83,4.7579,4.6064,2.8159,1,1.7293
0.54188,1.6085,7.2663,1.5409,1,0.26228
6.2004,5.7093,3.7524,2.8578,1,0.27018
0.89696,3.861,7.4072,1.8092,1,0.17894
4.0566,2.4077,6.1997,0.058998,1,0.50227
5.3217,1.5685,7.9489,6.0495,1,0.65694
4.3297,3.8268,1.7342,6.348,1,1.2764
6.1166,5.9185,1.0173,5.4722,1,1.4946
2.8647,1.5249,4.5951,2.0988,1,0.78346
2.5683,2.1611,0.037578,2.5028,1,1.3222
4.0554,7.0251,0.60887,7.7151,1,0.26582
4.7756,3.0292,3.185,6.306,1,1.0767
3.6272,0.11384,2.546,2.1841,1,0.80383
1.8399,5.4675,2.916,1.5413,1,0.24114
5.2139,2.4966,0.56222,5.1997,1,1.6978
0.81064,2.7389,1.693,0.72965,1,0.50523
1.6562,4.9284,7.1348,5.7313,1,1.7304
6.706,0.15654,2.6499,0.45003,1,1.3453
1.9046,3.7995,0.44067,6.7238,1,1.1997
2.2356,7.7203,0.70187,0.37519,1,1.2353
7.748,1.0107,2.9712,2.1893,1,0.25824
3.0879,2.5055,6.8369,6.3452,1,1.2475
4.417,1.8915,1.8978,2.4463,1,0.44728
1.2875,7.1237,6.2092,7.0356,1,1.601
0.66726,1.304,0.20938,2.5793,1,0.40939
4.2192,0.2713,1.2605,4.831,1,1.1584
4.3228,7.6496,5.0471,4.8009,1,0.095903
1.8053,2.8661,5.8875,4.2239,1,1.4193
3.9651,6.3525,1.6539,7.5348,1,1.3128
1.9468,2.2358,0.75585,5.4428,1,1.8621
4.5827,7.2859,5.1034,7.777,1,1.2747
6.4066,7.0349,7.6543,2.4847,1,1.2089
2.1939,0.58435,1.1619,2.6041,1,1.1042
1.4212,4.4473,5.3174,4.3501,1,1.7561
0.6484,0.21749,5.2575,1.3649,1,0.97284
4.6981,2.5121,2.8656,7.7829,1,0.23106
7.1632,6.756,0.97262,1.2171,1,1.5046
1.4139,4.7708,3.6749,6.2431,1,1.5358
4.4795,6.958,1.7694,6.4764,1,0.28846
4.5981,3.0701,5.2048,4.3773,1,0.76582
1.222,1.8146,2.5181,0.87101,1,0.69899
2.9873,2.3033,7.4973,7.8646,1,1.8297
2.1269,0.55891,2.6911,7.0751,1,0.016239
1.1789,2.3078,1.0612,0.32809,1,1.8043
7.7199,3.3944,1.2349,7.9154,1,1.3972
5.4739,3.1712,7.9271,7.2795,1,0.29225
3.4735,3.26,7.5169,3.15,1,1.5977
0.021513,4.1695,5.6911,1.7776,1,0.57748
6.4285,7.1551,6.4929,5.2686,1,1.9745
5.386,1.6182,1.1565,1.6098,1,0.19822
4.9865,5.4369,2.5587,1.4585,1,1.8264
0.93127,7.7979,1.6541,7.331,1,1.3382
1.7962,1.209,5.7396,0.78654,1,1.121
4.2097,1.753,5.3359,3.6172,1,0.98074
3.7421,6.191,2.901,5.7231,1,0.31466
3.9887,1.5728,1.4649,5.4175,1,1.7941
4.8181,2.079,4.6594,3.8157,1,1.7366
5.4063,4.8595,7.0419,6.4458,1,1.1981
1.4805,7.4539,5.2782,5.5526,1,1.6083
3.0374,1.9988,2.628,7.8258,1,0.49051
3.1418,0.21182,6.2036,3.5554,1,0.23381
7.9766,5.4319,3.5369,1.2219,1,0.62264
4.2711,3.4523,7.1311,1.2192,1,1.0161
5.8026,5.8193,6.4542,5.5364,1,1.0841
1.0523,3.5644,3.9327,5.5909,1,1.0548
1.8066,3.81,0.34865,6.508,1,0.39964
4.1852,5.8271,0.46599,3.3682,1,0.15917
4.1083,4.5279,2.3492,6.9487,1,1.4723
5.3072,7.6962,7.1031,7.4274,1,1.4254
0.66637,2.0352,2.7847,7.1726,1,1.4378
2.0873,1.0258,6.0734,6.4384,1,0.528
6.3999,3.4363,7.1052,6.2275,1,0.52971
1.6731,3.0078,6.3939,1.9428,1,1.5577
2.2305,4.1426,2.1117,4.9503,1,0.83179
2.5476,2.4041,3.7065,6.5789,1,0.89861
7.6619,3.5876,0.55352,1.5291,1,1.1143
7.5767,4.9202,6.5097,4.5166,1,1.0757
0.072093,2.3102,5.2397,6.9745,1,1.4258
5.8723,6.0308,0.50087,6.2275,1,0.033265
2.796,5.3432,4.6607,6.3489,1,0.16024
0.60711,3.995,1.3995,0.70678,1,0.42452
4.419,0.70961,0.60898,7.5192,1,1.0162
7.8669,5.753,5.7052,2.3513,1,1.8901
3.2459,0.79565,0.32183,3.1609,1,1.1957
0.08807,2.4036,2.7799,5.5055,1,0.67358
1.0146,4.2643,7.234,2.2618,1,1.0552
6.3584,2.4364,0.11668,5.9598,1,0.56963
7.4239,0.046282,3.7746,1.1019,1,0.57138
4.3052,2.7001,6.5096,4.1864,1,0.37222
7.0436,0.44491,4.3,5.0517,1,1.761
6.0333,2.9919,6.775,3.9484,1,0.26378
3.6881,0.92268,2.3014,3.2412,1,0.14017
3.1258,6.1195,7.4787,7.5098,1,0.62021
5.1815,7.3534,5.1686,1.4676,1,1.7
7.827,2.5993,2.0353,4.549,1,1.4659
5.0345,0.22007,2.3663,0.96756,1,0.2874
5.8632,3.689,4.2692,2.3134,1,1.6807
1.268,0.18342,4.795,5.1877,1,0.97791
7.9461,4.1049,3.0633,4.3687,1,0.14801
6.6633,2.0313,1.3617,3.7713,1,0.46336
2.4383,3.9822,6.7477,6.5904,1,0.11417
1.1492,2.055,7.1163,1.9874,1,0.74561
2.4688,3.4053,1.0177,6.2166,1,0.41629
6.3277,6.8222,0.040644,6.5861,1,0.56702
0.87979,3.3493,1.2836,0.44426,1,1.5309
6.8868,6.3362,2.3774,6.9089,1,1.4645
0.48707,5.3388,0.58078,0.77601,1,1.0325
5.8549,2.2737,7.8789,4.6356,1,1.8747
1.909,6.7591,3.6145,0.49931,1,0.15155
6.2994,0.85861,7.9164,3.9945,1,1.4818
2.8217,0.58484,6.5888,1.9355,1,0.11298
0.46804,5.673,3.419,5.5852,1,1.6807
3.0163,4.2626,5.9753,3.1973,1,1.5315
3.7383,7.0576,2.2006,5.7086,1,0.26646
2.7464,4.1734,2.646,5.5582,1,1.7181
7.3084,6.9634,6.1631,5.9783,1,1.4084
4.7885,5.4339,2.3976,4.3235,1,1.8532
5.6436,6.17,4.6127,7.703,1,0.061412
4.2282,2.1423,1.5438,1.391,1,0.36787
2.3668,3.0205,5.0741,3.0401,1,0.92783
6.0457,2.0448,5.4526,0.32508,1,0.90817
6.3761,4.5261,4.8594,6.0148,1,1.3486
5.8532,2.8956,7.1623,7.774,1,0.022568
4.3627,5.6714,7.4317,0.27262,1,1.8301
4.6246,1.1235,2.4717,1.9834,1,0.09459
1.5889,2.3852,7.9165,7.7872,1,1.0004
4.7163,5.8584,7.964,7.6161,1,0.0092271
7.1223,1.9511,0.69505,7.1802,1,1.7981
2.0813,5.9652,3.187,5.5045,1,0.0046842
6.7235,6.3334,2.1937,6.78,1,0.60365
1.139,5.5762,1.6583,1.4984,1,0.74585
5.7194,3.3962,2.3906,5.4208,1,0.67018
7.5851,0.9176,7.3065,7.3755,1,0.027577
0.26893,4.2511,5.9013,5.5477,1,1.0927
2.6006,4.6309,7.1789,7.1212,1,0.60769
2.115,5.3411,2.4636,5.0761,1,1.1206
0.79766,3.0514,4.5409,0.40136,1,0.95996
0.18635,3.5182,1.9388,6.4915,1,0.87863
7.1024,0.83468,7.4952,2.988,1,0.32303
0.11836,2.9308,3.4395,3.4125,1,0.034245
2.4603,2.1622,6.9378,5.7445,1,0.4599
2.5112,7.832,7.5324,6.1842,1,1.6623
0.44602,1.1382,4.0343,5.3943,1,0.3517
3.1213,7.3478,7.6985,6.0806,1,0.146
3.3841,1.4234,2.0802,3.3338,1,0.46521
1.3685,3.4773,1.8003,7.5792,1,0.75503
2.8746,7.9293,2.6073,7.1386,1,0.73991
0.01926,6.0875,3.4133,1.0415,1,1.704
3.7643,0.10392,7.512,3.0189,1,1.7346
6.9829,0.17332,6.9913,6.9625,1,0.21438
7.6739,3.3174,7.3373,4.2863,1,0.49707
6.2552,4.8071,1.6291,3.0103,1,0.13073
7.8999,4.1306,7.5661,1.7358,1,1.3735
3.7318,2.0467,6.6947,2.3305,1,0.23213
3.0602,1.702,4.0685,4.1604,1,1.838
7.5615,7.6023,3.9716,4.6116,1,1.9802
4.5516,4.9122,1.2001,2.4565,1,1.4523
4.5129,1.1659,4.4125,5.0018,1,1.367
5.3888,2.3511,1.137,7.7068,1,1.1411
1.6393,2.1104,0.72617,5.4282,1,1.883
1.2256,5.3385,6.2532,7.2096,1,1.0183
3.069,6.0148,3.6267,4.5633,1,0.64686
2.1474,5.8469,0.058147,5.1863,1,0.40905
5.2359,2.2133,6.8687,3.13,1,1.4505
2.2603,3.1341,2.238,4.5259,1,0.75398
1.0353,1.2206,5.659,2.1419,1,1.6703
1.3656,5.4168,1.9443,5.1791,1,0.66851
3.6937,5.6521,2.8532,2.4606,1,1.4817
6.2715,4.285,1.7109,3.068,1,1.2026
6.4693,0.76054,6.1419,6.9875,1,1.6619
7.3369,3.2735,7.0679,3.8212,1,0.062642
7.6622,4.4232,2.2726,3.1928,1,0.63978
6.2721,0.045412,5.8785,4.8478,1,1.3318
6.6915,0.6749,5.5603,2.744,1,1.5061
1.0506,5.7677,0.2002,3.2369,1,1.7163
6.5719,2.6683,5.2166,3.1244,1,0.88415
4.8091,7.911,0.59648,2.8505,1,0.41214
3.2256,2.8896,6.2943,4.3629,1,1.4194
4.1998,4.6719,1.7627,5.4607,1,0.66838
5.5159,7.8008,5.6458,4.7918,1,0.34261
6.7442,3.92,2.0768,1.6322,1,1.8346
6.1926,6.4073,1.0294,2.6672,1,0.67821
1.8049,7.9727,1.821,2.1777,1,0.69683
2.9385,4.3263,4.3903,0.85182,1,0.97076
3.0017,4.2746,6.0958,4.5666,1,0.32398
1.5721,0.24213,3.9295,0.93632,1,1.1073
2.9525,3.3102,2.443,2.9575,1,0.58334
6.989,5.1445,6.0103,6.5498,1,1.6201
3.1184,0.35384,0.19308,6.9749,1,1.812
2.5352,6.0875,5.1913,6.5839,1,1.703
2.2182,0.91599,4.8746,1.2495,1,0.10656
3.0042,7.4862,1.6265,3.4371,1,1.0069
1.6023,5.0204,0.14978,6.5427,1,0.67556
1.4171,2.1821,5.4227,3.5808,1,1.7944
2.2697,4.4643,2.3828,7.5603,1,1.5126
4.6085,3.488,6.4808,4.9746,1,0.7234
0.46866,5.9901,7.9924,4.6743,1,0.40906
6.1326,7.9517,2.597,5.9249,1,1.5026
5.8818,5.396,7.9223,3.5192,1,1.408
6.9543,0.51351,1.4902,0.044456,1,1.7302
4.4838,0.71556,3.3924,0.4079,1,0.40276
1.155,3.6847,6.4097,0.89346,1,0.76709
6.7449,3.469,7.9302,2.907,1,1.5421
5.3497,1.1219,0.77304,7.7926,1,0.29668
2.8491,1.3615,6.1874,6.0288,1,0.40166
7.0925,3.5206,3.5098,5.471,1,0.22329
4.4306,7.7607,4.826,5.2316,1,1.3372
3.4729,4.08,1.8398,4.4111,1,1.1806
6.5036,6.5274,1.7198,5.6165,1,1.7605
2.1218,6.7384,6.4403,2.9266,1,1.4641
4.5509,2.5358,2.6134,3.1776,1,0.20257
2.1697,0.24472,5.2952,7.2516,1,0.75132
2.0626,7.0049,5.9693,2.1322,1,0.72676
6.1962,6.8017,5.3454,2.2129,1,0.42951
4.2876,5.1057,0.32031,7.4987,1,1.5394
3.1489,5.102,4.5161,2.8145,1,0.42985
7.9692,5.6369,4.2021,3.3119,1,0.41913
6.4423,3.2298,0.82315,6.9866,1,1.2318
4.9908,2.3758,5.4717,3.3983,1,1.4618
5.0636,7.3186,2.1264,0.065452,1,1.4557
6.4779,3.0128,2.5573,7.1466,1,0.93532
7.3765,5.3785,0.99749,3.6451,1,0.67436
6.4402,4.2094,0.78092,3.6364,1,1.9237
3.5781,1.2691,4.6657,7.6367,1,1.6944
0.69006,6.8594,7.5416,7.9305,1,1.6211
1.9838,2.1306,0.84399,2.3173,1,0.32267
5.8776,3.5417,5.9323,7.9934,1,1.6494
4.6149,3.9411,1.8695,1.2298,1,1.4363
4.8045,4.1133,6.7325,2.2694,1,1.0019
0.85494,2.6233,5.2537,7.0142,1,1.5242
6.4948,3.8266,2.2786,3.6277,1,0.57468
2.8591,4.9049,3.3162,7.371,1,0.64216
6.0081,1.6432,2.4293,2.1493,1,1.3863
1.3348,4.2525,1.6105,1.2574,1,1.5139
7.3179,1.7581,1.3496,6.3935,1,1.2228
6.188,4.4312,2.3489,4.7248,1,0.32741
2.9715,7.2158,3.2836,6.6408,1,1.9469
4.4884,5.4707,4.3663,5.9927,1,1.2867
1.1672,6.7041,1.041,5.4925,1,1.8806
3.6429,0.89107,0.49291,6.2095,1,0.0054281
4.8541,2.8552,3.1567,3.1727,1,0.8387
6.6163,5.8085,7.2419,6.261,1,0.65381
1.6133,5.2401,0.87127,7.0877,1,1.1746
6.2503,4.773,1.3959,0.6437,1,1.6575
1.2278,0.49189,4.7191,3.7245,1,0.92474
7.2747,1.2755,6.3518,5.3819,1,1.838
4.494,1.6111,2.0409,4.9776,1,0.75203
2.8716,0.22921,6.139,1.8991,1,1.3318
5.9879,5.8275,6.5143,5.9207,1,1.289
0.79202,7.9952,3.3448,0.60784,1,1.4825
7.9977,4.3918,4.7451,1.2353,1,1.2733
4.3686,2.2753,5.2618,7.9538,1,1.0198
1.6419,5.0595,5.4647,3.641,1,0.16888
7.9239,0.3148,5.9306,4.6955,1,1.9132
3.199,4.1091,6.3467,3.1633,1,0.32132
4.5556,4.7773,6.5668,7.9471,1,0.68522
0.0049682,0.50438,3.7277,7.8979,1,0.079089
2.9326,1.3602,6.9333,5.1055,1,1.7741
6.1189,3.8822,0.54778,4.1429,1,0.81233
4.6536,7.7309,7.7004,7.9872,1,1.0271
5.776,1.1667,1.4947,1.9016,1,1.8392
0.65328,5.5673,1.5095,6.5366,1,0.64876
6.4032,6.5275,2.5364,1.6263,1,0.32296
7.2909,5.6582,0.96543,5.1231,1,0.2979
0.65201,5.9583,1.5433,0.0056591,1,0.043263
3.2176,4.7289,0.37707,0.025339,1,1.1528
2.8044,1.2984,4.9859,4.4083,1,1.6988
3.2112,0.43217,7.9851,0.34606,1,0.25195
3.665,6.4186,3.23,6.0382,1,0.67961
2.7515,4.8971,7.5249,1.4173,1,0.23512
3.6698,7.8111,6.348,1.2563,1,1.5801
5.7375,2.4448,1.1486,7.9432,1,1.5462
4.1059,3.0255,2.1305,4.7746,1,0.21577
5.4675,1.6499,7.1071,4.9487,1,0.071306
6.7954,1.1193,1.8458,3.0048,1,0.40619
5.3389,1.0022,6.6988,5.6224,1,0.58816
6.024,6.6852,2.1732,4.1982,1,0.019983
5.9382,7.7396,7.8088,5.3081,1,0.8395
0.067797,2.9035,5.5172,3.2371,1,0.47372
7.654,1.9724,0.30457,2.1064,1,1.6141
6.3729,1.0147,1.0265,0.52177,1,1.6599
4.6928,2.7145,6.0616,5.425,1,0.54078
4.9093,3.8096,1.6062,4.708,1,1.7197
5.9167,6.7871,4.1167,2.7288,1,0.3624
0.65464,3.7046,0.73079,4.7162,1,1.6807
0.32442,3.0788,4.2392,5.1868,1,0.21851
6.0619,3.1525,0.28253,0.50059,1,0.019982
4.6072,6.0905,0.69649,0.50328,1,1.2803
7.2391,3.2802,6.2535,4.048,1,0.52481
3.0336,3.7803,5.7582,4.6358,1,0.93513
2.0701,5.1468,0.30637,0.48511,1,1.4793
0.17457,5.1929,7.1044,7.1984,1,0.58816
6.5023,4.54,7.4644,6.3881,1,0.55334
7.9875,5.8142,2.2929,4.7324,1,1.4982
3.6019,0.32882,7.6455,3.8649,1,0.16641
0.42571,5.0471,2.4389,5.9218,1,1.1259
5.6997,5.1653,2.4548,4.3486,1,1.595
5.4246,7.7912,5.282,1.9724,1,0.9016
2.0155,6.084,4.1777,0.86891,1,1.3726
5.3004,7.2459,3.9184,3.7067,1,1.3268
7.5001,2.6149,0.1857,6.1847,1,0.16974
4.2852,6.3869,4.3802,6.4226,1,0.63115
3.172,3.7653,2.1122,6.2187,1,0.98818
5.0153,4.0979,6.7559,6.408,1,0.99135
6.9371,3.9769,7.6944,0.58266,1,0.75485
4.7274,1.7268,5.4115,5.3369,1,1.5098
6.2499,4.9267,6.4793,2.3207,1,0.5204
0.48197,5.7754,3.5684,0.99103,1,1.417
7.8554,3.5134,1.3734,0.063682,1,0.5544
3.5776,0.32254,0.45651,0.3511,1,1.3107
0.25156,6.8899,1.5687,1.8479,1,0.18734
7.324,1.3028,2.8276,0.65139,1,1.1932
3.0905,3.7691,7.8936,1.31,1,1.8895
3.6964,7.5371,2.644,7.1115,1,0.063612
5.6972,6.849,2.3131,4.9639,1,1.9606
4.0605,6.4927,5.5129,0.29314,1,0.22536
7.8957,2.0769,0.57413,0.1275,1,0.9985
1.7027,6.4218,4.5559,2.6385,1,1.0323
3.3071,4.344,7.7557,0.59872,1,0.094401
2.2004,4.937,3.1775,5.6548,1,0.77495
1.0048,2.848,6.7042,5.752,1,1.1333
2.2375,4.6827,3.1132,1.3857,1,0.048494
7.3168,6.7699,6.9661,6.0187,1,1.2242
1.6082,2.0567,0.076704,2.7144,1,1.4988
2.2528,0.030845,0.24394,5.5316,1,0.54441
0.78933,3.0518,5.0668,2.7282,1,1.2619
5.2252,7.3333,5.7455,0.90352,1,1.3701
1.9027,7.0257,5.0367,0.45234,1,1.3993
3.4441,1.8769,5.3098,4.7311,1,1.5111
2.6158,5.86,0.23501,0.86865,1,1.7567
2.6274,7.8523,4.7375,2.0761,1,0.70459
3.8992,2.2135,6.4165,2.1273,1,0.38071
5.9459,5.4363,5.6071,1.3118,1,0.77058
5.0833,1.224,1.3061,6.4903,1,1.6457
7.0205,0.95161,5.1294,4.4994,1,1.714
5.9813,0.24675,6.8284,3.7499,1,0.97176
4.1264,3.1077,3.0744,1.6384,1,0.21752
5.7203,0.17847,7.9814,0.60737,1,0.78463
2.6565,5.2291,3.9463,0.18654,1,0.081463
3.2316,3.7531,7.6306,2.3117,1,1.3167
5.3372,0.079692,5.7287,3.7741,1,0.17617
3.6372,2.9564,7.5652,1.9668,1,1.5868
7.23,7.2596,1.8046,2.6731,1,0.033717
3.3406,6.5298,6.7283,0.67246,1,1.9396
1.2092,6.208,4.0193,5.8015,1,1.5631
7.6169,4.8687,2.4343,7.1635,1,0.71562
0.94744,2.8894,3.493,5.6522,1,1.789
0.87902,6.9783,0.6986,1.7256,1,0.015086
3.1587,5.392,6.3165,4.1536,1,1.111
3.9483,7.4828,7.134,4.6685,1,1.0292
2.8033,1.352,5.1781,1.2067,1,0.26484
0.83088,6.565,0.85558,2.883,1,1.5156
6.9437,0.61376,4.5329,2.7676,1,0.34302
6.6221,4.7391,6.5207,2.7318,1,1.8038
0.93076,4.7321,5.1627,0.48399,1,1.6266
7.6688,6.0696,3.9352,4.7436,1,0.74559
1.1845,2.3347,5.0954,3.5944,1,1.7338
5.5492,4.8302,3.1247,3.775,1,0.57788
7.7964,0.64951,3.424,0.65248,1,1.7056
7.0712,1.81,3.8309,5.109,1,0.81239
0.7276,5.6112,6.2703,5.4805,1,1.399
2.6461,5.3864,6.567,7.0738,1,1.5653
3.73,6.3044,2.1928,0.53902,1,1.9687
3.7263,1.1946,2.9816,3.2283,1,1.1173
6.3584,2.1303,2.9053,0.96444,1,1.0343
6.3617,7.2266,1.1243,1.8126,1,0.61329
4.0292,1.7644,2.9884,3.0553,1,1.4722
6.4835,6.0094,1.6208,0.41601,1,1.9425
0.086418,4.0909,1.1636,4.2999,1,1.791
3.6314,1.3494,3.0068,2.1411,1,1.9721
7.1917,5.0453,2.4826,4.4715,1,1.5484
0.65734,5.8225,3.6213,1.1584,1,0.17572
7.1756,3.6323,7.1097,3.2424,1,1.1027
0.69151,6.2167,1.0264,0.91566,1,1.1302
7.7454,3.3893,3.9912,6.2915,1,1.168
3.7594,3.7847,2.7156,5.0225,1,0.25074
4.4616,7.343,2.6986,2.6216,1,1.1532
5.5055,5.0086,7.4381,2.651,1,0.83375
2.6865,1.9022,3.2018,7.6313,1,0.38646
4.8656,1.2365,2.0538,6.3967,1,0.46751
2.9596,2.5395,7.0857,0.22346,1,1.2604
1.8587,5.7037,0.60711,7.7626,1,0.80824
6.6455,2.2868,0.12,4.6085,1,0.11513
4.8358,4.9374,6.2619,4.3602,1,0.94802
2.6538,2.2438,6.8028,1.6907,1,0.27038
4.5023,5.4956,2.9011,5.4955,1,0.68917
6.6332,5.2873,2.8426,0.65293,1,1.2013
7.1776,7.6237,3.4475,7.3738,1,1.1205
7.4834,0.0040656,3.459,4.8417,1,1.5803
7.7867,6.7751,7.9818,5.1784,1,0.31293
0.22195,7.5792,0.83352,4.4891,1,1.5306
4.3175,3.7756,5.6606,2.2022,1,0.93968
6.9161,4.7067,7.8937,7.5251,1,1.8945
4.5361,0.09782,2.4969,6.9821,1,0.3343
6.915,5.2861,0.87381,7.7903,1,0.40873
4.3422,0.15261,4.6298,3.4864,1,0.38357
7.4441,6.4613,5.3396,2.4079,1,0.11385
0.5614,5.3757,4.3616,3.88,1,1.1286
6.4704,6.3639,0.89764,4.0085,1,0.13953
6.9354,7.0302,7.1294,5.0961,1,1.4017
3.1806,6.24,2.2322,1.0142,1,1.7198
7.9163,5.2341,0.40039,6.6272,1,1.8394
0.68583,7.4099,7.1029,1.9413,1,0.79964
0.83409,7.6506,1.399,4.0734,1,0.84585
5.0753,4.3746,1.0328,3.9615,1,1.0007
3.4202,4.83,0.70087,1.7233,1,0.7247
1.8414,1.1219,5.7432,2.2722,1,1.1347
0.8117,7.5672,2.9189,5.0806,1,1.9318
4.2745,0.26116,2.6721,0.67113,1,1.5761
3.223,1.0424,5.669,5.2923,1,0.55753
3.9481,5.935,3.7534,7.0981,1,0.71859
6.0729,0.5921,0.086389,4.6842,1,1.714
4.6377,7.626,2.7053,2.5334,1,1.4771
1.1907,7.9664,2.1772,1.2051,1,1.494
1.3332,6.3885,6.1101,0.69462,1,1.9655
5.3851,2.2901,2.1555,4.0498,1,1.1442
1.5343,4.7391,3.4638,1.0169,1,0.31917
1.7356,2.352,6.2447,2.59,1,1.1422
4.9947,2.6989,7.9769,5.7145,1,1.212
2.8357,1.5493,1.7622,0.48655,1,1.5666
1.3936,1.6167,0.53741,6.2943,1,0.42756
1.8205,5.8339,5.7017,1.8321,1,0.79892
4.6984,3.9607,7.6562,7.1342,1,1.4476
0.72869,2.5249,1.4452,0.83718,1,0.56074
7.9356,3.5125,1.6239,5.9293,1,1.9523
4.0352,7.6646,7.3928,4.1142,1,0.70454
5.0828,2.1978,2.7157,6.3925,1,0.47585
1.5216,6.9858,0.085739,6.5017,1,0.92964
3.1705,3.3236,2.4416,3.8278,1,0.60896
2.421,6.6418,3.9818,4.9398,1,1.3478
1.5823,3.3077,4.7587,3.0909,1,1.2205
0.12927,4.1345,4.3236,7.5006,1,1.8788
3.3407,2.3455,0.048855,2.8067,1,1.0027
0.67962,1.4118,5.1386,7.434,1,1.672
2.7175,0.21685,1.8395,5.1405,1,1.0883
2.2472,2.9137,4.7713,6.6589,1,1.4349
1.0583,1.789,1.734,2.0584,1,1.7801
5.8814,4.0825,3.7147,0.23106,1,0.8499
2.094,2.9398,1.3552,5.8633,1,0.62976
5.2514,5.3024,4.2072,4.566,1,1.5509
7.5,7.7051,0.1107,0.29828,1,1.9092
2.9878,4.674,4.6074,3.2998,1,1.0596
2.9653,6.7123,4.6239,0.95253,1,1.436
0.70002,2.1429,0.79856,3.1787,1,1.3008
7.5493,1.9985,2.4836,4.9044,1,1.4044
2.3011,1.4967,4.228,2.2274,1,0.89771
0.31508,7.5009,0.9447,4.1919,1,1.5653
2.6043,4.951,0.60448,0.31304,1,0.14887
6.8038,6.4808,2.5419,5.7822,1,1.6964
0.49298,5.3075,6.5836,0.83487,1,0.18746
4.7806,5.1549,0.56859,7.6537,1,0.22686
0.034479,5.0462,6.8151,3.5691,1,1.7484
6.5535,1.4192,0.91076,3.6272,1,1.8652
5.1888,0.24341,7.9577,4.572,1,1.6306
2.5265,0.90148,0.46891,7.0311,1,0.15308
4.0405,1.3684,0.72802,0.66155,1,0.50897
4.7278,2.2269,1.8652,1.6459,1,0.63364
7.5267,2.9375,0.28945,2.3399,1,1.6989
3.788,4.1018,1.7146,7.3899,1,0.33102
2.2888,0.032076,3.49,3.0758,1,1.9841
2.1035,1.6445,0.75817,1.1115,1,1.8589
6.475,6.9673,6.8958,1.7945,1,1.3748
2.3985,6.1524,6.6362,6.341,1,1.2205
1.147,7.3724,3.3851,1.0292,1,0.14677
4.5599,1.1046,0.96551,3.0406,1,1.9905
2.8065,7.2602,3.7567,2.115,1,0.50858
1.2767,4.4804,1.5503,0.78774,1,0.60053
1.8505,4.8471,3.8257,7.4316,1,0.86375
4.8901,0.60932,0.20105,1.069,1,0.2959
3.8089,3.2869,6.2347,4.7143,1,0.43854
7.1065,7.3381,5.1575,3.1094,1,1.8858
4.8956,6.7755,1.4234,7.3011,1,0.32512
1.0501,2.2114,2.7708,0.70745,1,0.38409
2.6095,6.1713,7.2593,2.8132,1,0.77664
1.2702,6.7755,1.7047,0.0039992,1,1.9231
7.8091,6.3425,1.4783,1.1923,1,0.51713
4.9295,7.5549,3.6294,2.256,1,0.023571
0.82706,6.9456,1.1692,5.6092,1,1.2937
1.6649,3.0686,6.3504,6.1834,1,1.5634
4.0785,2.0556,4.7986,4.5165,1,0.70892
1.2885,4.1867,1.2387,7.2404,1,1.401
7.4712,4.2099,2.1979,1.8447,1,0.62317
2.9253,7.9564,1.2238,6.6592,1,0.5475
7.3016,3.7736,7.8889,0.69823,1,1.2074
0.30665,2.3508,3.8826,1.3493,1,1.2179
4.0372,6.2852,1.1274,2.754,1,0.29065
3.9074,3.7588,6.7244,4.2608,1,1.6347
6.0362,0.31222,0.83494,2.3209,1,1.0894
0.97224,4.8453,5.2806,2.8848,1,0.5331
7.1113,3.001,5.395,2.5905,1,1.6184
0.7134,2.726,4.0065,1.0543,1,1.9312
3.2686,7.7699,5.0967,3.685,1,0.50312
1.4237,4.7122,1.2761,3.2135,1,1.2764
5.6057,3.5834,2.2018,0.53649,1,1.0383
4.4475,6.4698,4.8668,4.0582,1,1.0842
3.6296,2.1702,6.6335,3.7827,1,1.2871
4.7737,1.0876,1.9889,2.6306,1,0.10976
5.7646,6.3314,7.8259,0.79349,1,1.3982
1.0865,2.5249,3.3031,0.20579,1,1.2381
4.0071,2.7583,0.062371,5.5035,1,0.70005
7.8566,6.5324,3.4925,4.5812,1,1.9427
7.4805,4.3046,7.3425,6.0896,1,1.9574
3.3535,1.4778,7.0984,7.789,1,1.7078
0.38503,1.6195,6.6442,2.5869,1,1.7765
1.0564,7.6308,1.8485,0.43182,1,1.1876
7.2452,6.6307,7.3969,3.2876,1,1.1248
5.2938,1.2657,6.9004,3.2573,1,1.6039
1.4655,7.9018,6.8796,6.5907,1,0.81121
0.54904,4.8857,7.9278,3.4931,1,0.31717
7.0947,1.3096,0.013888,6.9149,1,1.9481
5.7726,5.7652,4.3995,4.8162,1,0.21212
5.5091,6.6044,6.304,0.80214,1,1.831
2.8958,2.5974,7.6532,0.72655,1,1.5076
3.0056,0.70969,7.8358,5.4174,1,1.6577
7.7011,5.0498,0.22793,3.966,1,0.36745
4.915,3.0273,5.0641,6.7771,1,1.5027
3.0038,5.5042,0.42136,6.4405,1,1.4503
0.28511,4.0138,7.4248,1.984,1,1.8423
1.2155,1.8388,6.6872,6.2595,1,1.3998
6.7831,1.0371,1.2918,1.6135,1,1.0643
7.0199,4.7028,2.6068,5.4857,1,0.15097
2.2975,4.7419,1.3855,1.6879,1,1.783
7.0237,1.4845,2.414,2.7944,1,0.354
1.4392,6.2516,5.4098,4.3164,1,1.2426
2.0981,2.4975,6.8297,0.47272,1,0.67273
7.5399,1.0419,6.0515,0.53278,1,1.896
5.2294,0.82597,3.2021,4.5617,1,1.264
2.1581,5.9208,2.99,6.1838,1,1.4855
7.5518,0.78242,2.5548,0.0048879,1,0.99586
7.747,0.19233,3.9994,3.3299,1,1.6544
5.7497,0.33578,6.1165,1.4642,1,1.1921
4.7963,6.7785,6.875,1.2252,1,1.471
6.9089,7.5952,3.0659,0.74777,1,0.39793
2.887,7.3931,3.5126,3.0169,1,0.9496
0.67711,3.8232,6.1703,1.1984,1,0.60711
7.8791,3.1693,5.3096,6.1751,1,1.2276
1.4236,0.15608,1.582,4.3949,1,0.62096
1.6145,3.9956,4.8733,6.4623,1,1.2308
3.245,3.769,0.058452,3.4929,1,0.32073
3.7536,6.5315,4.3768,0.33087,1,0.55959
0.42193,2.8127,1.1229,2.8787,1,0.4043
2.3301,5.9976,6.3199,7.9532,1,1.7538
1.6537,1.6823,7.541,5.3352,1,0.17962
3.9122,1.2357,7.0042,7.0786,1,1.3185
0.21601,7.6644,5.1677,0.72004,1,0.564
6.1356,1.5672,0.19944,1.0539,1,0.69801
5.5163,0.76485,3.9938,1.0558,1,1.2537
4.3509,4.8304,6.4363,4.1792,1,0.20209
5.4273,6.5484,3.0081,0.00057623,1,0.032571
2.0762,7.5421,3.2068,1.1996,1,0.60993
1.3255,2.9932,5.3138,5.8533,1,0.26994
1.9874,7.811,5.6308,3.4207,1,0.28762
3.6683,4.802,6.0331,1.4899,1,1.6459
1.8308,7.2474,7.6282,4.0121,1,0.66424
1.5562,0.63292,1.3091,5.0629,1,1.5168
3.8886,2.1393,4.9721,6.7198,1,0.39644
6.2959,4.3071,4.0723,4.4557,1,0.63806
3.2904,7.2356,6.9307,7.3803,1,1.1275
1.4906,5.4127,2.8584,1.4414,1,0.82693
6.4077,2.0103,5.3199,1.4157,1,0.86417
0.76656,2.4076,5.7576,3.0683,1,0.87679
0.072736,1.3802,0.66559,5.241,1,0.86982
5.1399,4.1433,1.053,3.4343,1,1.9869
3.0453,6.7115,0.38952,1.4384,1,1.4064
2.3828,3.386,4.2702,6.1731,1,0.47603
5.0049,5.744,1.751,3.9142,1,1.7718
7.9966,6.2925,1.3026,5.0154,1,0.65278
4.7963,5.9888,6.9003,0.49222,1,1.2146
3.3206,3.3126,2.9842,1.9408,1,1.0152
7.8245,3.6631,7.8104,0.34861,1,1.1043
7.003,2.3958,0.50355,4.7519,1,0.38145
2.366,1.8832,5.0464,0.30216,1,0.89818
1.71,3.1023,0.26929,7.5563,1,0.91872
6.3241,0.85536,6.0838,7.7819,1,0.18425
3.0055,4.1264,0.031662,7.5791,1,0.90305
7.8651,1.865,2.9391,2.1027,1,0.026496
0.56302,3.0261,4.479,1.8884,1,1.1817
7.1481,5.2078,4.0311,5.1551,1,1.5185
2.6314,4.3854,6.0933,1.2118,1,1.8311
5.8904,7.2691,4.871,5.0047,1,0.71538
7.0844,2.1113,0.83693,2.5984,1,1.0506
1.4479,4.328,2.3448,7.7199,1,0.70214
3.4664,6.7605,2.7227,5.213,1,1.0548
0.53975,2.4205,3.952,5.3473,1,1.9926
5.0833,6.1688,2.0684,1.5911,1,0.47726
4.1536,4.9495,0.79906,3.2499,1,1.9424
5.2044,6.2633,0.63986,3.8445,1,0.13304
3.4771,4.3691,6.8582,3.1377,1,1.6587
2.0686,0.4053,7.3118,5.6696,1,1.3673
6.082,0.24665,4.9611,4.134,1,1.142
4.6395,1.6797,6.6161,2.5469,1,0.88503
1.4712,2.1145,0.58671,5.9962,1,0.78186
4.9863,1.1691,2.9775,1.1808,1,0.71186
3.8567,4.5309,4.5588,6.4103,1,1.6345
4.0485,4.0248,5.6489,4.2915,1,1.8132
7.5926,4.7894,5.8115,3.4183,1,0.017394
4.2477,1.7181,1.4664,7.6284,1,1.4889
1.9632,0.84884,7.9937,5.3101,1,0.93912
0.53929,4.0745,4.4231,2.5032,1,0.72473
5.9939,6.4136,4.8056,2.3682,1,1.3547
3.2016,4.3723,5.1668,5.5114,1,1.3114
1.6746,7.6364,3.8269,3.6922,1,0.96232
1.1983,0.92985,5.4685,6.8442,1,0.28931
3.5457,0.13957,0.73236,5.4413,1,1.8852
3.7108,7.6699,3.9894,6.2686,1,1.3364
3,0.54239,5.1764,3.5471,1,0.30023
0.5795,6.1461,1.4223,1.7223,1,1.1463
5.0917,1.7572,3.5726,5.6735,1,0.036461
4.4598,4.3867,0.077849,3.6182,1,0.67221
2.7795,3.49,3.085,5.0204,1,1.4138
1.9188,5.5468,1.5606,3.5025,1,1.3086
1.5623,6.1963,0.51815,0.24402,1,1.9963
5.5503,7.587,7.1033,7.6989,1,0.20132
7.2048,4.2397,6.5537,6.0056,1,1.7764
6.5073,1.7821,1.2137,6.1051,1,1.9352
7.2416,1.5574,1.2127,3.7474,1,1.8193
1.5213,5.3506,3.599,6.4085,1,1.221
3.3898,3.701,7.5016,7.3011,1,1.2112
7.0353,2.5847,6.1761,2.8159,1,0.6236
6.4741,4.1991,2.9089,5.1128,1,0.38803
5.8541,2.103,1.905,4.1788,1,1.6189
3.3847,5.017,1.4412,5.2599,1,0.59369
7.914,3.6017,2.811,4.6797,1,1.7672
6.4989,5.4622,7.9532,1.7643,1,1.8381
7.1605,7.1275,2.2615,2.5021,1,1.0323
7.4073,4.2733,5.4366,0.89968,1,1.2132
2.2375,0.92268,6.9858,5.3535,1,0.28829
6.2417,3.1131,2.5193,6.8889,1,1.8304
2.1787,6.8356,0.52996,5.074,1,1.7575
0.93411,7.3726,4.8389,0.36052,1,0.069428
1.0151,6.9229,4.1927,1.5053,1,0.16668
2.2131,0.80511,7.1301,6.9214,1,0.57668
0.9746,5.8588,1.9321,0.55376,1,0.70895
3.3845,3.9713,5.796,7.3752,1,1.3827
6.3704,6.698,0.3764,6.8518,1,0.80609
4.5053,0.10163,6.283,3.8843,1,0.66368
4.194,6.3706,5.3484,6.5165,1,1.8793
4.834,3.5226,5.9191,2.034,1,0.80038
6.2658,5.7168,5.3325,2.9372,1,0.35858
3.5416,6.5088,1.206,0.16554,1,1.6173
2.8209,1.7691,6.489,0.83522,1,0.50646
6.442,2.438,5.6164,5.4316,1,0.56269
1.5594,2.1562,1.2748,2.0861,1,0.2311
4.3833,5.2805,3.5309,3.9132,1,1.9046
1.5822,6.6971,2.3919,5.1445,1,0.9613
0.49011,3.866,5.1049,3.0812,1,0.52398
4.8624,3.3354,2.9139,0.40063,1,1.0096
4.963,7.5736,5.9718,7.0822,1,0.90077
4.6186,4.9797,1.9152,1.0414,1,0.50702
1.8585,2.0014,1.6406,6.3127,1,0.93
0.63849,0.45161,5.1875,0.95127,1,0.99682
4.9505,1.8158,7.698,6,1,0.77675
2.3518,7.1858,3.088,0.096603,1,0.26725
5.0597,4.4127,2.0222,3.1754,1,0.3488
6.1004,6.3443,3.8269,0.68498,1,1.2363
7.7724,4.0088,3.8065,7.994,1,1.4342
3.7583,0.15209,4.1222,5.5783,1,0.14947
0.65557,4.9885,3.3045,3.3496,1,1.0803
0.59855,4.5632,6.6473,2.3703,1,1.2881
1.1027,6.7562,6.5931,6.0213,1,1.8336
3.6112,5.6473,5.4109,3.2565,1,1.8192
6.8916,1.8785,4.5169,4.003,1,1.8951
0.13058,2.4769,7.7314,6.7871,1,0.19861
0.33216,7.273,4.4305,6.7388,1,0.62699
4.1602,1.5628,0.10497,7.5724,1,1.0679
0.80356,3.6112,5.9884,4.2567,1,1.8569
3.1593,1.2813,6.7719,1.31,1,1.7081
6.7453,3.8758,6.1916,6.7635,1,0.79947
4.4794,4.1382,2.3378,7.3729,1,0.80601
7.2749,3.8687,3.2731,5.5925,1,1.6803
1.5266,6.9315,4.9341,3.538,1,1.3079
0.94749,5.6962,0.82353,4.5377,1,1.4747
7.3517,7.0369,2.962,5.6723,1,0.76156
3.5609,1.8559,4.6712,0.11387,1,0.8171
3.067,1.1492,5.9188,2.5983,1,0.76589
7.9124,4.984,3.2318,1.8585,1,1.9312
1.1585,3.2081,4.2564,0.80756,1,1.1616
0.8359,4.767,3.8249,6.5303,1,1.1474
1.685,3.4484,3.4624,6.9699,1,1.494
3.1731,1.3317,4.3347,0.16204,1,0.24068
5.0729,3.8783,7.9587,5.2717,1,1.9447
7.0456,5.6366,0.66686,3.5342,1,0.001044
5.429,6.1987,7.295,2.834,1,1.0877
5.2253,1.4203,7.8783,0.02186,1,0.39154
3.746,4.4551,2.0328,7.9597,1,0.89328
0.44231,5.5714,1.9013,2.3975,1,0.5121
0.69717,4.5394,2.1291,0.2562,1,1.2802
4.8072,1.5285,5.5033,2.4839,1,0.853
3.0521,4.9975,6.2764,4.757,1,1.3032
4.7154,1.2732,0.33706,1.0962,1,0.56533
6.0554,3.3202,1.1652,5.8721,1,1.339
5.0838,4.3428,2.0165,0.5912,1,0.77436
7.6374,0.19338,4.7308,7.075,1,1.1638
5.7305,5.7326,3.0332,1.2341,1,0.315
3.7005,0.28013,5.812,6.015,1,0.90118
2.2949,1.1386,3.9496,2.9209,1,1.5618
1.1154,5.9713,4.9648,7.262,1,1.4358
0.94043,6.9654,0.52766,0.010775,1,0.61333
3.1706,2.2873,5.1924,2.0818,1,1.9721
5.3833,5.338,6.3148,0.55524,1,0.48649
4.079,6.9258,7.9791,4.8787,1,0.04636
7.2451,6.299,4.0684,6.0369,1,1.222
3.3772,1.9727,1.6505,2.5881,1,0.71366
3.264,4.1152,7.2704,0.93553,1,0.36007
3.7529,2.4971,7.4557,7.0221,1,1.9788
1.555,6.5553,4.9137,1.8818,1,1.5842
3.4675,1.0375,4.562,1.0227,1,0.43586
3.7421,3.9179,1.5476,0.96106,1,1.3512
7.9213,5.2575,1.8113,6.624,1,0.74535
5.5797,5.1596,0.20265,2.3819,1,1.8112
5.2658,2.4159,4.6467,2.9652,1,0.33814
0.33136,7.859,4.6792,4.9451,1,0.56004
7.2179,3.5198,1.9415,0.3479,1,0.2438
3.979,5.6073,2.5846,0.10291,1,1.3016
1.5193,4.162,7.4112,3.7403,1,1.7358
3.3756,7.1009,2.9719,1.0596,1,0.85874
3.12,7.8603,7.8366,2.4597,1,1.8638
6.3959,7.4993,4.9542,2.9425,1,0.81859
5.7566,5.0663,4.589,6.5154,1,0.29274
2.131,2.9959,0.82448,5.915,1,0.65203
4.7633,7.1351,2.3032,5.9323,1,0.95313
3.318,6.6216,4.1956,3.81,1,1.7216
1.0453,0.99655,1.0573,5.2217,1,1.9565
4.7091,3.3379,0.071692,7.1667,1,1.9506
7.9313,7.3782,1.4573,4.4966,1,0.99989
6.9153,2.9488,7.2282,4.9224,1,1.5442
5.8526,7.7884,6.3313,3.6813,1,1.5298
7.7768,2.0482,7.3259,2.6767,1,0.36291
3.4747,6.0846,7.3309,4.0143,1,0.74945
6.1726,1.5181,3.816,4.6493,1,1.7147
5.3716,1.5476,7.4681,4.7915,1,1.3078
3.0034,2.6246,0.25691,3.5076,1,1.6422
5.2184,7.9558,4.799,4.1494,1,0.14441
5.3036,3.2809,2.0787,6.109,1,1.7614
4.3869,3.6117,7.4821,0.66731,1,0.73608
0.26505,0.36804,5.1247,4.0815,1,1.1236
2.2516,5.4298,5.0149,5.6716,1,1.2307
3.5966,5.8199,7.8785,4.2758,1,1.5598
7.9322,5.0927,2.1862,4.8246,1,1.2721
7.2887,4.9251,7.5493,2.0459,1,0.39641
3.551,7.0174,2.7871,0.86018,1,1.5295
7.1702,1.5091,5.3882,4.1271,1,1.7239
2.3852,2.4264,1.7688,1.1187,1,1.918
5.4455,6.4384,4.2896,6.5716,1,0.52487
5.5656,6.8083,0.69723,7.7263,1,1.4018
0.60428,7.5427,7.6997,3.11,1,1.1539
6.5373,0.61235,6.9225,1.451,1,1.6693
6.7283,4.0689,4.1602,2.9352,1,1.8472
5.6018,7.9258,7.7517,0.74182,1,0.74119
4.2413,0.64474,5.6344,2.7758,1,0.22458
7.5352,1.6588,0.078439,6.9485,1,1.3573
1.3736,1.4133,7.1668,0.64782,1,0.14369
0.18748,4.5801,2.6031,4.1993,1,0.80382
5.0338,5.053,2.7414,7.6533,1,0.66669
5.3683,0.20939,6.8942,2.6814,1,1.8401
1.9686,0.62127,2.2676,2.4235,1,1.2443
4.6543,5.5385,1.1485,2.784,1,1.2468
6.8718,3.7725,5.5258,0.75007,1,0.1152
6.6016,0.72632,1.651,6.3459,1,1.3635
3.7599,7.1821,3.2682,5.2684,1,1.9168
2.4146,5.7988,6.0152,1.485,1,1.1368
0.4889,5.4663,5.3498,1.0736,1,1.7862
1.3573,4.3529,0.27691,6.5165,1,1.1902
3.2464,5.1523,2.9307,7.9998,1,1.4121
1.5744,6.6366,2.4199,4.1841,1,1.2497
0.038009,6.203,1.6992,1.6318,1,1.5896
2.1592,6.6463,7.9781,3.163,1,1.7993
4.2467,0.65801,3.3484,0.15123,1,1.803
2.9997,0.094748,4.0092,3.5471,1,1.7049
4.0069,0.89756,6.3312,7.4786,1,1.7118
1.2401,0.6504,5.0261,0.77565,1,0.066865
2.5889,5.1604,4.6742,5.3774,1,1.5854
3.0416,0.63435,3.4735,6.2838,1,0.60976
5.8723,0.80158,1.3821,7.4009,1,1.5768
6.2306,7.0185,7.2778,7.4431,1,0.80801
2.3132,6.1497,7.551,2.2352,1,0.74226
2.1857,3.7883,7.6844,0.81405,1,1.0813
2.4602,1.2132,3.381,2.5937,1,1.1128
1.4755,1.7192,4.5221,7.2692,1,1.3998
7.0837,5.9456,3.5575,0.94883,1,1.8785
4.7716,2.6481,2.344,4.0327,1,1.6896
7.5653,6.7865,4.3521,4.1667,1,1.0524
5.0007,2.2305,4.1751,2.6419,1,0.55019
2.9833,7.8906,6.0268,3.5679,1,1.6916
4.0114,4.415,5.9421,2.1793,1,0.7727
6.0289,3.9478,5.3214,7.215,1,0.66858
2.3646,4.9448,1.4598,1.6972,1,1.6127
0.86975,5.4185,1.5591,2.9743,1,1.0794
2.0091,5.7532,2.5693,0.30111,1,1.6237
0.36248,2.3802,2.4313,4.2911,1,0.2404
6.3621,4.0204,1.8239,6.6503,1,0.22689
7.9946,6.0664,4.1477,3.813,1,0.54502
7.7053,2.5556,3.6236,4.2657,1,1.5668
3.2987,7.2784,0.96521,6.9797,1,1.3028
3.452,1.0973,0.14734,2.9259,1,0.034618
3.7715,1.0533,6.7588,7.6593,1,0.39226
5.9019,0.4447,4.116,0.95028,1,1.2853
1.3013,0.49338,4.468,1.155,1,0.73656
1.6095,0.001442,6.48,7.2246,1,0.88131
2.9267,2.9184,2.303,6.6807,1,1.9518
1.7143,5.3281,3.526,3.3023,1,1.6931
4.0189,1.8321,5.6963,3.4575,1,0.83189
7.4501,1.177,0.15871,3.3921,1,1.8936
5.8462,2.4953,1.2406,7.9129,1,1.7058
5.3888,2.1562,7.2204,2.1256,1,1.7073
3.353,0.68549,7.4837,6.5885,1,1.8649
5.0962,7.8921,5.034,3.4327,1,0.55403
6.6346,7.4357,7.6366,1.3353,1,0.36073
7.5816,5.0566,4.3715,5.1728,1,1.9805
6.5048,7.3069,4.473,2.5029,1,0.88791
2.1277,1.1417,6.1364,4.8721,1,0.43555
3.7548,6.3574,4.6886,7.3085,1,1.504
6.4746,5.8161,6.7631,4.9271,1,1.227
0.077446,4.5052,6.8326,3.6151,1,0.67661
0.68135,7.1591,3.5577,7.1487,1,1.0544
3.6241,0.11309,2.1426,6.3893,1,0.41074
5.1425,5.5494,0.77658,5.9148,1,1.9522
6.0592,1.6523,1.4001,7.2866,1,0.5392
1.5154,3.4836,7.2993,1.521,1,1.418
6.1092,2.1772,2.3606,7.6898,1,0.42679
3.0447,5.3419,2.9933,5.465,1,1.9506
5.3514,5.5795,1.98,6.9802,1,1.5531
1.1206,2.0223,4.4566,4.0788,1,1.952
6.2393,1.9436,0.70944,6.4276,1,1.4064
7.4052,3.2199,2.0414,5.9194,1,0.81123
4.3138,1.27,7.7569,4.5245,1,0.26028
4.248,1.8994,6.8802,7.3591,1,1.1701
2.7279,7.9534,5.4489,1.4309,1,0.47169
5.8912,4.4436,0.31701,4.4572,1,1.9505
5.6707,7.7312,7.197,4.6414,1,1.4267
6.7495,5.5063,1.2998,1.1232,1,0.69115
6.5019,0.039688,1.9019,0.25493,1,1.3539
6.8129,6.1553,4.6116,2.1504,1,1.8322
6.6932,7.4426,7.0912,6.1165,1,1.2158
5.9814,2.3856,5.7701,7.2117,1,0.088139
2.7399,1.9072,0.56554,3.5874,1,0.14128
7.2323,3.6086,4.2227,7.7711,1,1.5974
4.1957,2.5564,6.7056,0.48847,1,0.41053
2.2735,5.864,4.5629,4.9914,1,0.51344
1.3566,1.9148,0.72828,6.8388,1,1.7589
5.531,1.8911,4.9263,2.4909,1,0.90379
1.3075,1.8175,0.34461,2.3856,1,0.9468
2.7497,6.6303,1.1419,0.69955,1,1.8128
7.23,1.8765,4.0624,4.405,1,1.2767
4.5823,4.2518,7.3528,0.12753,1,0.41467
4.6621,5.9298,4.2114,7.6621,1,1.9719
6.3873,5.818,1.2511,6.792,1,0.1031
5.1541,3.5351,0.10655,1.1843,1,1.2359
7.4692,5.1087,7.3595,5.9263,1,0.75731
2.8913,7.4133,3.2636,0.12875,1,0.17602
5.6472,7.1953,6.6394,3.8803,1,0.54977
3.7168,5.6241,6.1041,7.9325,1,1.4396
3.6558,4.1109,2.8417,3.8766,1,1.4224
6.5452,5.8997,7.5845,2.8084,1,1.3358
7.1053,5.5146,6.1022,4.4186,1,0.13502
4.5995,1.5951,4.1456,7.6116,1,0.23654
7.7489,6.885,0.45096,6.4814,1,0.54858
0.14547,2.8355,5.0605,2.8956,1,1.0265
7.9893,5.7487,6.9992,3.4122,1,0.92918
1.073,0.73398,3.854,7.4423,1,0.89422
2.4859,1.9536,7.522,2.7416,1,1.7379
7.4416,2.6996,2.1693,4.209,1,1.1975
4.517,0.99316,4.5361,3.7826,1,0.53941
7.8716,1.704,1.9996,7.609,1,1.4861
4.0933,3.6409,2.4682,5.7062,1,1.8162
3.5569,6.1957,4.5445,0.84434,1,0.81085
2.6878,2.0728,3.7279,4.6064,1,1.7087
0.22945,5.873,1.8515,6.2473,1,1.3564
1.3007,2.0003,7.803,6.175,1,1.6957
2.9572,5.4141,3.4534,5.2315,1,1.3582
7.5799,4.0516,3.546,0.77137,1,0.89573
6.5362,3.3034,4.8001,0.69343,1,0.23463
7.9318,5.231,5.0894,6.9332,1,0.55235
5.3279,0.59745,0.43895,6.9357,1,1.7761
7.8511,7.1856,1.0224,1.2405,1,1.6269
4.1607,6.3377,4.8672,6.1372,1,1.8826
5.3122,5.8899,2.0094,0.77208,1,1.5503
5.6559,5.6156,1.8191,7.3474,1,0.93591
4.5161,5.0944,5.4994,0.57557,1,1.9599
0.49382,2.2525,3.6838,6.543,1,0.35161
0.20851,7.5422,3.1062,1.0569,1,1.6506
6.8639,6.1481,7.1149,5.5807,1,1.3025
3.4942,3.972,3.7833,4.6658,1,1.4428
4.1892,2.4168,3.2202,2.7116,1,0.53511
3.5107,0.8268,1.1573,6.884,1,1.1295
0.80443,5.0458,3.8523,6.8401,1,1.8427
2.6047,7.6206,5.8675,0.71932,1,0.72674
3.3977,7.8861,6.2412,4.4431,1,1.2655
0.72453,5.3672,0.24623,4.4631,1,1.9816
2.1229,2.6296,7.9874,5.2945,1,0.43871
4.5479,2.8154,0.34972,7.2222,1,0.49765
0.27599,1.0982,2.0012,3.0418,1,1.8759
0.27768,3.0253,1.426,0.27874,1,1.7512
7.7681,4.6465,2.955,7.3062,1,1.2751
3.7623,7.1205,1.4347,6.4026,1,1.8246
6.3275,6.5002,4.8762,7.2026,1,0.054988
1.8521,7.5556,5.1205,4.0759,1,1.2434
3.9773,4.8907,0.88781,1.8919,1,0.034907
6.6145,3.9409,4.1004,1.8097,1,0.36478
7.3755,7.5623,4.4478,4.9964,1,1.2514
2.3385,7.2086,0.16048,1.3463,1,1.0854
0.84244,0.31271,2.5811,7.3671,1,1.4095
5.1104,0.69105,1.8432,2.5697,1,0.81877
0.85243,5.7294,6.6722,5.6525,1,1.4894
5.8921,0.098941,4.6691,5.566,1,0.012013
4.1717,6.6985,0.46102,3.0524,1,1.0396
6.6233,7.4082,4.3139,3.7546,1,1.0236
7.5331,0.54121,1.2991,6.1902,1,1.4427
5.7139,5.4823,2.903,0.27158,1,1.7962
0.0090149,7.347,2.7531,1.8119,1,0.73083
4.6425,3.5412,4.5973,4.3512,1,1.2608
7.1138,4.3335,7.8112,3.139,1,0.66011
4.0217,6.1699,4.698,5.5099,1,0.26907
7.8819,6.7125,0.27657,0.57466,1,0.16841
2.5649,1.2938,0.42311,7.8534,1,1.3913
5.6862,1.8773,6.2835,6.3879,1,0.33803
3.0535,2.9857,6.3818,2.8829,1,1.112
3.2642,7.7447,5.5825,6.039,1,0.2866
6.6383,2.5153,4.3261,0.5206,1,0.53553
2.8461,0.42978,3.5486,4.496,1,1.9404
0.72217,0.13794,1.8494,0.51316,1,1.0082
1.8703,7.88,4.8451,3.8292,1,1.5993
2.9515,5.213,0.58052,1.0002,1,0.3552
2.3984,6.5805,5.502,7.576,1,1.4627
0.32404,7.5604,7.5525,0.72189,1,0.27395
2.9258,1.0714,4.0174,5.7292,1,1.2493
0.86611,2.9313,0.78823,6.5119,1,1.9982
5.109,2.4406,6.8329,7.4934,1,0.13218
5.8372,6.4279,0.62988,3.7445,1,1.3754
0.67438,7.5536,0.97306,5.6362,1,1.6159
4.168,4.4778,7.3722,7.7083,1,0.11183
2.3513,7.8755,2.3205,0.61917,1,0.71868
2.6348,5.0354,3.3089,4.6271,1,0.95503
5.6244,7.3816,2.4418,4.2912,1,1.3497
6.5203,5.6905,6.1987,6.8742,1,0.55157
1.4572,2.7944,7.4024,3.0413,1,1.0205
3.3141,2.3027,5.7954,5.8586,1,0.9388
2.8871,6.7226,1.2934,2.9825,1,1.2355
1.5466,3.67,5.957,6.4193,1,1.3763
2.8122,4.276,2.4073,7.8198,1,0.88531
2.2702,5.4115,3.77,6.0176,1,0.58007
6.0742,5.6124,4.7121,2.3234,1,0.17482
1.7908,6.9487,1.6165,0.27237,1,1.6644
0.95608,6.0213,5.8099,3.5212,1,0.7328
1.6314,6.6545,4.463,7.3696,1,1.5107
6.4694,4.9338,5.4267,7.895,1,0.029083
1.8448,2.6479,1.9791,3.731,1,0.34313
7.5752,2.8983,0.68614,7.7403,1,0.5153
0.3924,0.77491,3.5325,4.9099,1,0.31274
3.6347,4.4246,6.8513,1.9093,1,0.72301
3.6057,7.1144,2.2478,2.561,1,1.4347
4.5798,6.4443,4.5464,6.8661,1,0.94027
6.2565,7.9549,4.3846,3.6457,1,1.7225
5.8915,2.9219,7.5125,5.4369,1,0.12456
7.3527,1.4747,3.7505,2.9012,1,0.96105
0.1857,1.3436,6.2284,4.171,1,1.4039
5.5304,6.2992,2.8283,1.6791,1,1.3347
5.2292,7.5459,4.8551,4.3473,1,1.1998
